objid,ra,dec,modelmag_r,modelmagerr_r,extinction_r,redshift,zErr
1237667323797307493,193.854377493068,27.7980356026472,13.85542,0.001902902,0.02545135,0.02457256,9.94133E-06
1237667323797307576,193.86580384848,27.656121565351,13.96457,0.002006849,0.02422528,0.02340926,7.747202E-06
1237667323797307743,193.8919758661,27.8416590356694,15.34673,0.002758432,0.0254831,0.02334237,8.18081E-06
1237667323797307748,193.898751122449,27.7671346607378,15.75899,0.003357737,0.02484475,0.02234915,1.367529E-05
1237667323797307767,193.939074611059,27.7962816369419,16.84786,0.008198543,0.02425637,0.02293669,4.074516E-05
1237667323797307772,193.934458511967,27.7165846912562,16.63831,0.004078294,0.02228812,0.02387952,1.803746E-05
1237667323797372960,194.025405560641,27.6781025860047,15.12961,0.002866659,0.02026368,0.01648326,7.492529E-06
1237667323797372988,194.08245276854,27.7510271761568,14.3774,0.002106718,0.01995998,0.02297527,8.834738E-06
1237667323797373096,194.110932826373,27.8306382538767,14.2347,0.002016987,0.01988539,0.02091072,7.811485E-06
1237667323797373132,194.109575922977,27.7272523511345,15.41078,0.0027006,0.01969551,0.02276338,1.001476E-05
1237667323797373145,193.955331240998,27.7518748250867,17.20845,0.01033215,0.02245806,0.02418167,4.331772E-05
1237667323797373198,194.026848768133,27.6480394791657,15.47453,0.002849279,0.02020874,0.02536332,1.26642E-05
1237667323797373209,194.059416911716,27.8155839307608,17.40007,0.005784953,0.02142533,0.02222386,1.840734E-05
1237667323797373355,194.008014224364,27.6646584678041,17.47877,0.01091552,0.02032772,0.02067146,0.0001025008
1237667323797438564,194.142351917061,27.6873365933424,16.16596,0.003848959,0.01981279,0.02294773,1.191868E-05
1237667323797438566,194.149697837858,27.7188281246014,16.71808,0.005113177,0.02014318,0.02242385,2.834805E-05
1237667323797438604,194.211692146591,27.6278394269678,17.16753,0.005765941,0.02181147,0.02698101,2.388657E-05
1237667323797438634,194.268935737416,27.7730112532035,15.67803,0.003213707,0.02581981,0.02512812,1.348827E-05
1237667323797438642,194.267666475023,27.7300401263326,16.07007,0.004357084,0.02568273,0.02963925,1.798866E-05
1237667323797438654,194.260775015209,27.6566843695881,16.46038,0.005397719,0.0236189,0.02266375,2.17863E-05
1237667323797438661,194.270423824062,27.6773752119004,17.59196,0.008022892,0.02459062,0.02608517,3.166342E-05
1237667323797504020,194.319932275213,27.6184523807869,15.31954,0.002625146,0.02143909,0.02416236,8.099575E-06
1237667323797504055,194.386815981333,27.6103468882452,13.47086,0.001761599,0.02164575,0.02012796,7.409223E-06
1237667323797504147,194.324192435811,27.8109217672694,15.49421,0.002805775,0.02573244,0.02383198,1.004799E-05
1237667323797504157,194.331643479035,27.6137850865887,16.99047,0.005918088,0.02143728,0.02589621,3.032053E-05
1237667323797504163,194.347770721071,27.7662785222983,14.7983,0.00255235,0.02547511,0.03044434,8.820016E-06
1237667323797504185,194.358832303792,27.6593995831894,17.25465,0.007573781,0.02255018,0.01686044,1.191803E-05
1237667323797504193,194.367263593688,27.7007661438191,17.00858,0.005476907,0.02383393,0.02155076,2.105402E-05
1237667323797504196,194.364626812105,27.6362551509885,16.63013,0.005296478,0.02204259,0.02682374,1.806542E-05
1237667323797504242,194.442321586703,27.7570277744987,14.86458,0.002607715,0.02488092,0.02044867,1.132698E-05
1237667323797504263,194.449426308868,27.7694430488118,16.0574,0.003881476,0.02484643,0.01928272,1.319009E-05
1237667323797504287,194.313778975464,27.7298272736429,17.05446,0.01025061,0.02546131,0.01922159,7.043374E-05
1237667323797504296,194.326051271511,27.747358024387,16.7608,0.008595057,0.02553939,0.02287642,6.29171E-05
1237667323797569615,194.467957084075,27.7396342945644,17.36895,0.008796193,0.02480407,0.02310237,3.177626E-05
1237667323797569617,194.460665091628,27.6437333523947,16.78058,0.005588299,0.02273372,0.02271923,2.888255E-05
1237667323797569619,194.471376049855,27.707306287808,16.33338,0.005567891,0.02447632,0.02151302,2.672807E-05
1237667323797569678,194.514658223815,27.6824484401272,16.39503,0.004138836,0.02407962,0.02412642,1.713189E-05
1237667323797569716,194.568852773982,27.8025525900058,17.33711,0.00633295,0.02480149,0.01899429,2.974092E-05
1237667323797569737,194.579922745252,27.7620674876368,15.92923,0.003317481,0.02360403,0.01818292,1.335355E-05
1237667323797569745,194.612821592326,27.7066155934414,17.9255,0.009377759,0.02337047,0.02335642,5.339513E-05
1237667323797635081,194.631665985428,27.6734902125585,15.58176,0.002860171,0.02374977,0.02306956,8.930936E-06
1237667323797635092,194.646608296653,27.59640874119,13.49794,0.001835845,0.02347121,0.02564392,6.197025E-06
1237667323797635139,194.697502913701,27.674715526321,13.73,0.001863955,0.02496367,0.02796219,8.643199E-06
1237667323797635203,194.717062701033,27.785051267967,14.51297,0.002170689,0.02735895,0.01885658,8.163541E-06
1237667323797635239,194.742097406075,27.5947022585962,14.91246,0.002390738,0.02234256,0.02004855,8.196153E-06
1237667323797635256,194.781212167301,27.7677646272029,14.65082,0.002222341,0.02577962,0.02121973,8.132416E-06
1237667323797635257,194.784165676772,27.784117701493,13.92931,0.001896803,0.02686412,0.02344777,8.34302E-06
1237667323797635258,194.778525159531,27.7724548926383,16.48389,0.004640353,0.02620635,0.02083039,1.578973E-05
1237667323797635307,194.772062128779,27.6444041288121,14.30834,0.002137774,0.0250721,0.01812557,9.151692E-06
1237667323797635368,194.689761125662,27.7538787606315,16.69529,0.007451434,0.02454838,0.02209566,4.484379E-05
1237667323797635381,194.740101228361,27.7854263854028,15.48949,0.003218365,0.02788801,0.02314709,1.237806E-05
1237667323797700611,194.806238406711,27.7745923018939,14.41909,0.002152951,0.02501371,0.02276696,9.214765E-06
1237667323797700647,194.792934776432,27.6198568777866,15.21695,0.002578714,0.02367124,0.0191456,8.966475E-06
1237667323797700661,194.827255285657,27.5935943588469,16.64476,0.006303459,0.02220657,0.01744308,1.167918E-05
1237667323797700671,194.853878187874,27.7388318633023,15.05124,0.002460571,0.02022637,0.02011746,9.981765E-06
1237667323797700711,194.915871460822,27.5764682393636,15.74099,0.003197534,0.02144662,0.01671366,9.04974E-06
1237667323797700726,194.946451172212,27.7103012472927,13.79898,0.001941419,0.01830433,0.02798339,6.529282E-06
1237667323797700769,194.826472027384,27.7157317807831,16.73055,0.00477156,0.02189433,0.02225661,1.48974E-05
1237667323797700807,194.907624171543,27.7768238663616,15.41347,0.004023396,0.01962952,0.0226934,2.218846E-05
1237667323797700828,194.922146333642,27.6598262214408,15.03479,0.002990517,0.02024115,0.02251487,1.307066E-05
1237667323797700852,194.942830670235,27.7462498839558,17.50443,0.007588689,0.01818608,0.03240589,3.743482E-05
1237667323797700948,194.883652583971,27.7204548963996,17.60409,0.01159764,0.01914883,0.02561127,6.687792E-05
1237667323797766175,195.026050713646,27.6852929888578,15.35919,0.002661981,0.01924903,0.02516739,8.600302E-06
1237667323797766231,194.983802165236,27.7463121860577,16.16952,0.004168387,0.01797719,0.02975941,1.629274E-05
1237667323797766246,195.006213693971,27.7312628487315,16.51666,0.004895077,0.01798763,0.02691501,2.691159E-05
1237667323797766302,195.043379377926,27.5949975652798,15.58083,0.003201308,0.02120892,0.01865591,1.098126E-05
1237667323797766325,195.093244819042,27.6235520775816,16.23279,0.003730128,0.02260722,0.02535635,1.661367E-05
1237667323797766335,195.115212136445,27.6252079523193,16.45303,0.004593519,0.02367485,0.01959315,1.742304E-05
1237667323797831683,195.140293060488,27.6377481111137,14.80606,0.002814558,0.02362997,0.02496448,7.630954E-06
1237667323797831757,195.148647783798,27.5742246050628,15.12385,0.002807932,0.02296714,0.01699532,1.181975E-05
1237667323797831766,195.188355043658,27.7470167555916,17.55967,0.009407952,0.01866329,0.03112869,5.629845E-05
1237667323797831772,195.212900712822,27.7429850706734,16.79535,0.005373859,0.01841179,0.02713366,2.406869E-05
1237667323797831800,195.243237919461,27.6520880345483,14.77075,0.003009542,0.01768089,0.01737385,1.64167E-05
1237667323797831830,195.29675363848,27.7425053994269,17.38297,0.009605226,0.0189394,0.0245768,5.193289E-05
1237667323797831972,195.274232732489,27.7088828176486,17.74813,0.01141777,0.01832003,0.0291256,7.193448E-05
1237667323797897301,195.301202251965,27.6044757364926,15.47314,0.002952428,0.0179242,0.02519144,1.153706E-05
1237667323797897314,195.313343376905,27.6692238659144,16.44653,0.004013519,0.0193332,0.02355825,1.642373E-05
1237667323797897347,195.402158508294,27.7079322673888,16.70799,0.004575087,0.0209341,0.02639038,2.01933E-05
1237667323797897365,195.451200492897,27.7284454146125,17.47707,0.006949177,0.02073838,0.01828631,3.787897E-05
1237667323797897366,195.446831442817,27.6217919690725,16.53697,0.006459103,0.02041001,0.02598125,3.37075E-05
1237667323797897369,195.451563119139,27.6039619146946,15.23852,0.002758754,0.01978658,0.02745315,9.896947E-06
1237667323797897421,195.418946763465,27.5489321883942,17.66264,0.009901397,0.01772415,0.02167638,7.331678E-05
1237667323797962757,195.47387935717,27.6244460249129,12.75077,0.001583556,0.02053746,0.02621074,7.633077E-06
1237667323797962850,195.532830672676,27.6482976826427,14.27023,0.002137855,0.02090005,0.02301196,9.108819E-06
1237667323797962933,195.504321624415,27.6529692665898,14.98616,0.002625564,0.02090737,0.02364652,1.042884E-05
1237667323797962954,195.518083572067,27.6995499077962,16.84291,0.005730414,0.02090377,0.02337415,2.400987E-05
1237667323797962970,195.539032113146,27.5893569962044,16.98178,0.005486887,0.02071042,0.02153221,2.196658E-05
1237667323798159456,196.046866941757,27.4904441609391,14.8796,0.002653307,0.02442301,0.01777024,1.194715E-05
1237667323798159536,196.057800089502,27.5600902998971,17.28405,0.009487173,0.02390671,0.02313605,5.262794E-05
1237667323798159557,196.068598803751,27.50638495604,16.19275,0.006795874,0.02425912,0.02353255,3.583148E-05
1237667324334178423,193.949253790334,28.2561030430124,15.39838,0.003077114,0.02781664,0.02700933,1.257379E-05
1237667324334243849,193.999778775217,28.1869473587921,15.58836,0.002811575,0.02575652,0.01867495,9.525671E-06
1237667324334243951,194.045738351206,28.1631690834438,15.55002,0.002814101,0.02456672,0.02899863,9.080231E-06
1237667324334243971,194.084928004506,28.0508128595757,17.18876,0.00700006,0.01885438,0.02536863,3.670846E-05
1237667324334243995,194.118591402632,28.0825391911429,15.91636,0.003621366,0.01867421,0.02326831,1.445413E-05
1237667324334309417,194.168085558173,28.2177576773639,17.05208,0.005930634,0.02240047,0.0277229,8.32622E-06
1237667324334309419,194.160013892501,28.1062736451537,16.30076,0.006144673,0.01980145,0.02160236,3.060273E-05
1237667324334309429,194.161868511555,28.0811502737051,15.83751,0.003513962,0.0187329,0.02704673,1.619414E-05
1237667324334309460,194.191122151059,28.051618755511,15.55558,0.003481275,0.01812437,0.02308207,1.340866E-05
1237667324334309470,194.199411293285,28.1921139209592,17.57185,0.007134144,0.0215835,0.01941281,3.137152E-05
1237667324334309497,194.270202278183,28.2096830677345,17.62344,0.01135624,0.022123,0.01717535,7.183879E-06
1237667324334309600,194.218220501084,28.1881146802889,17.45498,0.01401635,0.02132677,0.0216317,9.978656E-05
1237667324334309625,194.302935290553,28.1336546391142,17.66802,0.01072362,0.0224911,0.02324305,8.489165E-05
1237667324334374924,194.3749669616,28.1880718222029,13.98022,0.00207315,0.02361023,0.02312829,8.208886E-06
1237667324334374925,194.36846399274,28.1764273673947,14.60672,0.002337409,0.02400169,0.02724953,1.001453E-05
1237667324334374981,194.452787511593,28.1804376645757,14.5878,0.002184791,0.02359153,0.02411293,7.345947E-06
1237667324334374983,194.459317214646,28.1703586697569,17.05863,0.007489111,0.02371084,0.02307632,6.197026E-06
1237667324334375054,194.401851097404,28.0770428265329,15.84675,0.003397728,0.02281398,0.0224864,1.719079E-05
1237667324334375073,194.40496564219,28.0403833913442,16.93657,0.008368704,0.02147112,0.02144919,3.978072E-05
1237667324334375082,194.444608381974,28.1407845899127,15.74733,0.003651456,0.02430205,0.02138568,1.556263E-05
1237667324334375129,194.401130923952,28.2334014078232,17.01317,0.009103346,0.02310277,0.02275065,6.632514E-05
1237667324334440484,194.625853257776,28.0147532559593,13.77555,0.001846249,0.02262109,0.02383802,7.711856E-06
1237667324334440523,194.651452947627,28.1137335916792,14.14659,0.002071019,0.02249316,0.02269549,7.72557E-06
1237667324334440540,194.490495431832,28.0617799441622,15.38364,0.003098569,0.02602706,0.02713996,7.646471E-06
1237667324334440561,194.53973494063,28.1849698819425,17.61263,0.007117935,0.02365795,0.04415191,6.055113E-06
1237667324334440570,194.557508660665,28.1825454071342,14.5025,0.002402961,0.02378091,0.02395133,8.865578E-06
1237667324334440628,194.572521734764,28.0400797355937,16.91935,0.005015496,0.02520174,0.02065441,2.309074E-05
1237667324334440636,194.590439499683,28.1487530639571,14.50989,0.002220945,0.0240292,0.02627785,8.102337E-06
1237667324334440637,194.592319576435,28.1521335883532,15.18747,0.002841535,0.02399858,0.02227376,1.13723E-05
1237667324334440670,194.606368884908,28.1289242167915,15.65684,0.004087455,0.02373318,0.02736316,8.231835E-06
1237667324334440699,194.632953269733,28.049613370128,15.50997,0.002796161,0.02131316,0.01903112,8.931004E-06
1237667324334440764,194.582201584622,28.0948417555342,17.18913,0.01619717,0.02455964,0.02392415,8.801449E-05
1237667324334506008,194.766250199148,28.1236980668986,13.16531,0.00166368,0.02861731,0.0264517,8.517558E-06
1237667324334506010,194.758627002364,28.1156649660561,15.12759,0.002606414,0.02756093,0.03141021,7.398794E-06
1237667324334506112,194.791284727657,28.1644982623325,17.58979,0.009219527,0.02939076,0.02867174,5.26782E-05
1237667324334506149,194.807989078434,28.0762433157455,14.09186,0.002136026,0.02380214,0.0260466,9.821844E-06
1237667324334506238,194.673441410993,28.1854913407012,17.11628,0.007597928,0.02455729,0.02682729,3.472372E-05
1237667324334506253,194.683962833394,28.048963151128,17.54724,0.009756236,0.02041647,0.0295911,3.789481E-05
1237667324334506263,194.700641383394,28.0187270421761,16.9337,0.007724459,0.02189495,0.02361731,4.538571E-05
1237667324334506271,194.711518885803,28.0840122947982,15.13982,0.002552397,0.02225574,0.02026107,7.710708E-06
1237667324334506284,194.722663586506,28.1260675356492,15.14948,0.002526881,0.02577526,0.02337744,8.350227E-06
1237667324334506291,194.711750032724,28.006993538058,17.80697,0.007962141,0.0228911,0.02490416,2.78202E-05
1237667324334506316,194.769894494007,28.0503851802426,16.29045,0.004852596,0.02273641,0.0268922,1.747748E-05
1237667324334506325,194.789426222564,28.0409320921649,16.28146,0.004223837,0.02242585,0.02404518,1.579988E-05
1237667324334506328,194.798101914442,28.0092670143606,16.56852,0.005003454,0.02274661,0.022995,1.937235E-05
1237667324334506354,194.834179594958,28.1979235986017,15.46804,0.002949917,0.02876194,0.03156341,1.151046E-05
1237667324334571534,194.83283244246,28.0842960059655,13.45579,0.001821732,0.02342771,0.01527688,8.603965E-06
1237667324334571535,194.881003678326,28.046599254334,14.39429,0.002240398,0.01882173,0.02307543,7.578182E-06
1237667324334571539,194.86968125199,28.0405136064394,15.42865,0.002870681,0.01913479,0.01875564,9.064271E-06
1237667324334571542,194.868558599421,28.0853816253339,17.18175,0.004922047,0.02225277,0.01240529,1.347085E-05
1237667324334571543,194.834154529007,28.074282015804,16.01027,0.003636962,0.022498,0.02388773,1.131134E-05
1237667324334571570,194.881667183867,28.1005372899575,17.60409,0.008677593,0.0237114,0.02477923,4.60533E-05
1237667324334571629,194.860799733229,27.9984691439052,15.5644,0.002966559,0.02053353,0.02224383,9.915561E-06
1237667324334571631,194.854357366458,27.9967289709423,16.87102,0.006439277,0.02099024,0.01828161,2.55621E-05
1237667324334571645,194.932181682094,27.9946833857208,14.93492,0.002398475,0.01827221,0.02225102,8.236569E-06
1237667324334571647,194.908273471813,28.0010090155298,17.80939,0.006436219,0.01826789,0.01658908,2.236452E-05
1237667324334571728,194.983378854076,28.034714810226,14.0069,0.001957995,0.0207584,0.02718822,7.87465E-06
1237667324334571778,194.857572540543,28.1869812852246,16.47345,0.003969957,0.02940677,0.02576436,1.437281E-05
1237667324334571792,194.906189530477,28.1661318210296,16.29041,0.003991616,0.02800889,0.01908395,1.235674E-05
1237667324334571816,194.919697520844,28.1446092010012,17.65437,0.007822499,0.02632542,0.02564753,3.827827E-05
1237667324334571822,194.933937605087,28.176314146945,17.0636,0.005672286,0.02726752,0.02771238,2.292298E-05
1237667324334571829,194.949036309029,28.0978860793512,17.74564,0.00770586,0.02309416,0.02126406,4.604499E-05
1237667324334571832,194.945554299629,27.9919122015786,17.56304,0.008102566,0.01856383,0.0280615,4.255464E-05
1237667324334571835,194.959522743348,28.1443742584014,16.48885,0.004882659,0.02523608,0.0226042,2.24936E-05
1237667324334571838,194.965661050222,28.0985259643157,16.4033,0.00479839,0.02362417,0.0255109,2.274915E-05
1237667324334571840,194.964420676349,28.0734807464163,16.32525,0.004500934,0.02194242,0.02498956,1.991027E-05
1237667324334571849,194.979546851179,28.1283564978155,15.06002,0.002481786,0.02434454,0.02523349,9.592123E-06
1237667324334571861,194.990049149968,28.0650983650021,16.60032,0.005000859,0.02241499,0.01948424,2.253241E-05
1237667324334637085,195.01850233818,27.9875782970746,13.93849,0.001930202,0.02125707,0.02125258,7.666592E-06
1237667324334637086,195.026605804919,28.004116613337,15.84291,0.003078342,0.02182946,0.02424595,8.421789E-06
1237667324334637091,195.022457096724,28.0244389380184,15.42348,0.00310904,0.02211214,0.01969106,1.168522E-05
1237667324334637131,195.033291417377,28.0785665802864,14.59633,0.002206201,0.02401582,0.0241407,7.679208E-06
1237667324334637140,195.053597313238,28.0754960776549,14.9407,0.002380718,0.02414212,0.02503316,6.865698E-06
1237667324334637152,195.061432511972,28.0412967617924,14.66149,0.002217651,0.02375866,0.01912005,8.111385E-06
1237667324334637189,195.092229985721,28.0470066525567,14.36483,0.002099178,0.02419422,0.02727107,7.952659E-06
1237667324334637213,195.128978885372,28.1083941339631,17.21823,0.007435316,0.02548665,0.01728046,3.11027E-05
1237667324334637227,195.148217631308,28.1461247282573,14.72715,0.002477421,0.02725781,0.01821857,8.894271E-06
1237667324334637239,195.1577533994,28.0579667049016,14.98677,0.003447957,0.02476737,0.02552748,6.92872E-06
1237667324334637274,195.017693325766,28.1551072976378,17.10276,0.006213952,0.02444176,0.02191547,2.081094E-05
1237667324334637285,195.037977566511,28.1703924435192,14.6945,0.002270041,0.02518038,0.02252319,8.196877E-06
1237667324334637287,195.03635958837,28.1598544379102,15.48387,0.003548374,0.02457356,0.0248898,1.575871E-05
1237667324334637325,195.046407325529,28.0652464762035,16.97856,0.005166061,0.02402985,0.02454435,2.571449E-05
1237667324334637329,195.055934005349,28.0532871738763,17.57608,0.009323749,0.02395277,0.02716134,5.016452E-05
1237667324334637347,195.070941548439,28.0639110960623,15.26779,0.002595221,0.02418567,0.02047269,8.252401E-06
1237667324334637348,195.076426775343,28.0592879102303,17.44511,0.00728797,0.0241849,0.03324928,3.124673E-05
1237667324334637356,195.077274091446,28.0971543321854,16.69533,0.006673062,0.0245312,0.02608,2.894902E-05
1237667324334637362,195.078668224167,28.0093072077635,17.04129,0.00460787,0.02359502,0.02068225,1.350661E-05
1237667324334637391,195.125788530825,28.1600474654896,17.36541,0.007106701,0.02707282,0.02358335,3.68797E-05
1237667324334702605,195.161501298619,28.0145264721627,14.65673,0.00238594,0.02447464,0.02535291,9.055879E-06
1237667324334702622,195.17813250627,27.9712623625048,13.91728,0.001892664,0.02384619,0.02125549,7.430903E-06
1237667324334702646,195.20332601424,28.1583432170809,13.28336,0.001792776,0.02749663,0.01936991,7.893767E-06
1237667324334702681,195.202694942104,28.090735952524,13.84622,0.001902932,0.025206,0.02324185,8.11779E-06
1237667324334702708,195.213150461449,28.0471389131688,15.84471,0.005981592,0.02428056,0.0211638,2.863144E-05
1237667324334702748,195.226908526339,28.0076343782209,13.04475,0.001684989,0.02305299,0.01662251,9.836128E-06
1237667324334702866,195.171635650757,28.0451195506376,17.32846,0.005682242,0.02469212,0.02876968,2.11771E-05
1237667324334702869,195.17019516335,27.9966036824449,14.42402,0.00217353,0.02423478,0.02363859,7.881614E-06
1237667324334702891,195.185975736092,28.1006362370394,15.31628,0.002728006,0.02552119,0.0220089,8.45578E-06
1237667324334702937,195.273564431493,28.0620566176221,17.17393,0.006468179,0.02331139,0.02479465,2.906063E-05
1237667324334702963,195.289310063338,28.0331184270613,16.09503,0.00338988,0.02195486,0.02342906,1.263027E-05
1237667324334702972,195.306931869738,28.0831231844849,16.92393,0.005735747,0.02236586,0.01937423,2.357412E-05
1237667324334702984,195.324346807909,28.0970738409799,17.48396,0.007049652,0.02164342,0.02682218,2.96175E-05
1237667324334702990,195.32940726419,28.1281384625659,16.86694,0.004580232,0.02188537,0.0227095,2.0353E-05
1237667324334768181,195.445895535783,28.0950007428482,14.08656,0.002035328,0.01928538,0.01935221,7.293863E-06
1237667324334768238,195.489890494881,28.0058364644686,13.33554,0.001737422,0.02102562,0.02574884,1.089896E-05
1237667442974589034,194.016549735472,27.1504293109407,16.15069,0.004482988,0.01673665,0.02450164,1.679766E-05
1237667442974589337,193.957385477591,27.0888294984274,17.48213,0.02184826,0.01671769,0.02280631,0.0001028686
1237667442974654493,194.133499902156,27.0555849073229,14.79552,0.002375713,0.02381092,0.02041028,7.184913E-06
1237667442974654524,194.181323733689,27.1787951884456,12.89595,0.001630555,0.01986237,0.02531029,7.704532E-06
1237667442974654645,194.181321571822,27.0347577597302,15.43681,0.00294019,0.02489038,0.01871678,1.015576E-05
1237667442974654664,194.206891814416,27.0939123077021,14.67642,0.002405813,0.02175858,0.02308111,1.296941E-05
1237667442974654799,194.195850209883,27.0569299360666,17.77309,0.01411241,0.02363701,0.02167405,9.699366E-05
1237667442974720027,194.327299559175,26.9795703871009,17.43144,0.008142888,0.02557139,0.02434756,3.071477E-05
1237667442974720035,194.339534742142,27.0229899770861,16.00986,0.004501767,0.02529085,0.0267178,2.311742E-05
1237667442974720048,194.345500492722,26.9877482068734,16.89733,0.008570787,0.02565541,0.02784048,6.183345E-05
1237667442974720099,194.29982111634,27.1033357393338,16.25402,0.004511135,0.02218913,0.02450604,1.810463E-05
1237667442974720162,194.402256994964,27.0313687905942,14.77747,0.002371351,0.02508073,0.02452595,7.698054E-06
1237667442974785616,194.550093323012,27.1276344870915,16.5955,0.00474172,0.02171467,0.03877467,1.836486E-05
1237667442974785639,194.573628799298,27.136491543337,14.23857,0.00230235,0.02313228,0.03964745,1.51355E-05
1237667442974785694,194.454410293721,27.0676369064935,17.64298,0.007856582,0.02386755,0.039381,1.871229E-05
1237667442974785715,194.486076326311,27.037503631457,15.11777,0.002868125,0.0229979,0.02471841,1.170401E-05
1237667442974785781,194.564897908485,27.0872176077251,16.60145,0.005888263,0.0219495,0.02574945,3.495907E-05
1237667442974851089,194.651496545238,27.1041321032733,14.09902,0.002042587,0.02511763,0.02649158,7.26502E-06
1237667442974851227,194.612874472817,27.0234643455639,17.11574,0.006136486,0.02366617,0.02515675,6.067997E-06
1237667442974851236,194.628474237004,26.9949379848372,17.65178,0.01341219,0.02349108,0.02486227,3.674693E-06
1237667442974851251,194.661203912329,27.013245572489,16.98796,0.01435403,0.02350207,0.02340464,8.659827E-06
1237667442974916615,194.769318215841,26.9581915564873,16.48322,0.00621622,0.02112535,0.02700072,3.277534E-05
1237667442974916766,194.819454487904,27.1061439810947,16.0961,0.003459005,0.02587993,0.02795333,8.841769E-06
1237667442974982263,194.936973219114,26.95480030691,16.96306,0.005396672,0.02323283,0.0342463,7.099282E-06
1237667442974982277,194.955220829712,26.9743320520353,16.98191,0.007207798,0.02346303,0.0235064,7.267771E-06
1237667442974982309,195.004939532932,26.9561033987463,17.08089,0.006029966,0.02292616,0.02391594,2.85107E-05
1237667442974982311,195.019097162347,27.0324696954038,16.73576,0.006262279,0.02252989,0.0232099,3.110764E-05
1237667442975048023,195.2300454816,27.1215892710942,17.69661,0.01470853,0.02046915,0.02148224,9.606255E-05
1237667443511394328,193.871236167837,27.5214355889665,13.29469,0.001738516,0.02359234,0.0232714,8.159388E-06
1237667443511394428,193.860703575071,27.6040406558282,16.40903,0.005378174,0.02302923,0.02261553,2.288787E-05
1237667443511394444,193.87754691215,27.5442726854574,15.15299,0.002944608,0.02328698,0.02343068,1.015666E-05
1237667443511459907,193.984549587069,27.6097889714613,16.21185,0.00629179,0.02006704,0.02273921,3.621045E-05
1237667443511459955,194.060924012978,27.506304128918,16.16508,0.00367938,0.02346592,0.02478419,1.272533E-05
1237667443511459972,194.069535570244,27.4459829954475,14.9975,0.002543938,0.02262507,0.02136024,1.000571E-05
1237667443511459991,194.097327415816,27.5440494724868,17.42392,0.007443251,0.02286598,0.02446478,3.178001E-05
1237667443511525379,194.142438342425,27.5389547717013,14.53196,0.002196844,0.02371403,0.02365648,7.687304E-06
1237667443511525432,194.289229748175,27.4664033989554,14.07702,0.001994381,0.02427441,0.02485023,7.167417E-06
1237667443511525478,194.160189201815,27.5709432176904,17.51683,0.007284003,0.02233055,0.02537161,3.731528E-05
1237667443511525482,194.176611798043,27.5482587383269,16.84119,0.005789716,0.0229843,0.02531836,1.833117E-05
1237667443511525488,194.170546071633,27.4477507391494,17.58599,0.006894727,0.02326542,0.02445486,3.580223E-05
1237667443511525502,194.199045299034,27.4209916267466,15.52767,0.003234983,0.02278043,0.02591777,1.094684E-05
1237667443511525535,194.233049649159,27.4623903055484,16.98485,0.007031156,0.02375539,0.02539411,2.924677E-05
1237667443511525555,194.268082476162,27.5259390435087,16.21474,0.004110192,0.02169971,0.02770373,2.201203E-05
1237667443511590950,194.39938792717,27.4932347410149,13.90265,0.001954046,0.02300722,0.0243872,8.622246E-06
1237667443511590951,194.400550649932,27.4848117994848,15.0499,0.002573801,0.02341485,0.02413054,8.122031E-06
1237667443511590952,194.351489490412,27.4978156080583,12.45603,0.001604428,0.02304148,0.02447844,9.237551E-06
1237667443511590954,194.345509774336,27.4929754042259,14.81973,0.002611593,0.02331619,0.02748526,1.082521E-05
1237667443511590959,194.34043409958,27.4748529655504,17.45974,0.006171981,0.02420766,0.02316848,2.202651E-05
1237667443511591025,194.357667652825,27.5461337984977,14.60631,0.002291221,0.02160996,0.01857126,7.533969E-06
1237667443511591026,194.348199876531,27.5499354868852,17.09059,0.006492069,0.0214144,0.02013972,3.439674E-05
1237667443511591044,194.35519928743,27.4045700201824,15.10971,0.002655667,0.02603351,0.01617514,1.305319E-05
1237667443511591123,194.294813548489,27.4049023685192,14.79071,0.002480561,0.02382937,0.0206777,7.849114E-06
1237667443511591179,194.377462830348,27.543025825033,16.74876,0.004703752,0.02168715,0.02552229,1.745908E-05
1237667443511591211,194.430132034307,27.5775942925071,16.25042,0.003788927,0.02072245,0.02410993,1.229675E-05
1237667443511591229,194.440607895851,27.429337548964,16.24677,0.00432491,0.02508572,0.02780965,1.730101E-05
1237667443511591237,194.461481764682,27.490864408106,17.41339,0.006000708,0.02181601,0.0245225,2.175357E-05
1237667443511656452,194.476510958023,27.490632767353,14.99516,0.003108641,0.02154546,0.01661109,1.646865E-05
1237667443511656538,194.484286363686,27.5813497711346,15.81703,0.004431616,0.01988181,0.01655244,6.061077E-06
1237667443511656555,194.486257748461,27.4426037989638,17.44777,0.009182031,0.02378763,0.025682,7.44518E-06
1237667443511656567,194.50649494591,27.4896658449692,14.41383,0.002272715,0.0216898,0.02543061,8.295488E-06
1237667443511656590,194.503139521754,27.4539875922619,16.63759,0.004113032,0.0234398,0.02561549,1.66956E-05
1237667443511656599,194.528442730656,27.5768756438433,16.34423,0.004917585,0.02048664,0.02500718,1.921579E-05
1237667443511656604,194.525268086005,27.41892971181,16.247,0.004067632,0.02387297,0.01922019,2.106899E-05
1237667443511656611,194.540409601122,27.5494213129074,16.45361,0.00398829,0.020144,0.02326917,1.338027E-05
1237667443511656621,194.548607378976,27.5424825082509,17.1887,0.01189487,0.02064255,0.02374899,6.972407E-05
1237667443511656658,194.585544407911,27.4293829416211,16.92128,0.0054608,0.02386603,0.02515607,1.141572E-05
1237667443511656680,194.618366023763,27.5593782172644,15.5842,0.003049681,0.02332434,0.02526216,9.650779E-06
1237667443511722010,194.633601353935,27.4563338750488,15.05505,0.002571141,0.02414985,0.02341978,8.618525E-06
1237667443511722013,194.657624196313,27.4639536798017,15.83722,0.004517718,0.02440939,0.0209099,1.32097E-05
1237667443511722195,194.660041733041,27.5441002461781,15.25426,0.002725518,0.02392059,0.01991322,8.14811E-06
1237667443511722248,194.776318138544,27.4936310236085,17.66155,0.007840947,0.02049427,0.0272337,2.958896E-05
1237667443511787541,194.8071019503,27.4025691279803,14.38034,0.00214559,0.01805647,0.01886249,7.43964E-06
1237667443511787618,194.826871658135,27.5135105463817,16.10495,0.005660728,0.02003206,0.02015118,3.005531E-05
1237667443511787630,194.852450824493,27.517337600233,17.20668,0.006020707,0.02034277,0.01965179,2.227348E-05
1237667443511787686,194.834590287091,27.435237197549,17.29503,0.0108565,0.01795247,0.02567134,5.174934E-05
1237667443511853075,195.074225640514,27.3875161492179,15.36346,0.002913624,0.02124439,0.03678413,1.510578E-05
1237667443511853143,195.046668062856,27.4600839791545,17.62047,0.007535594,0.01849914,0.0228227,2.737279E-05
1237667443511853161,195.079593550087,27.5537206819325,14.66778,0.00233811,0.02059306,0.01964111,8.560927E-06
1237667443511853185,195.104915314208,27.5522601207074,16.43266,0.004450237,0.0210436,0.0242378,1.549619E-05
1237667443511853192,195.11189741629,27.5155910173828,15.0326,0.002568819,0.02006139,0.02595107,9.060235E-06
1237667443511853233,195.139784242372,27.5041237785449,16.11446,0.003893696,0.02067704,0.01860821,7.74026E-06
1237667443511918698,195.20800961403,27.4057818464861,13.92338,0.002089951,0.01894315,0.02198225,9.98203E-06
1237667443511918768,195.275799953577,27.3978258093587,15.83931,0.003653823,0.01634783,0.02706441,1.553012E-05
1237667443511984267,195.449898829919,27.3548146345931,17.09891,0.008307584,0.02291143,0.02019958,3.970567E-05
1237667443511984844,195.462820667619,27.4118499680901,17.64888,0.01712594,0.01980586,0.02022178,9.396447E-05
1237667443512049834,195.635726585595,27.3934908210099,17.1669,0.00674103,0.02292385,0.01820282,7.450166E-06
1237667443512115311,195.646561584546,27.4394408127028,15.45428,0.00398148,0.02462752,0.01806066,1.956339E-05
1237667443512115420,195.806948949738,27.3690777806527,15.10319,0.002966829,0.02158861,0.02127134,1.150413E-05
1237667443512180744,195.81939269978,27.3355550760005,17.63423,0.01432209,0.0212876,0.03530065,9.451672E-06
1237667443512180814,195.847673184891,27.3069583343845,17.3769,0.007836618,0.02094956,0.01855537,5.770792E-06
1237667443512246388,196.110603084292,27.3043126853379,15.25435,0.003207229,0.02900721,0.01837224,7.337783E-06
1237667444048265289,193.954174405671,27.9058629384561,15.03688,0.002504068,0.02226971,0.02312733,7.339042E-06
1237667444048265337,193.867386306958,27.9496847032653,16.59264,0.006206618,0.02241789,0.0207929,2.371005E-05
1237667444048265399,193.989401102579,27.9049261202999,15.56013,0.003636288,0.0221914,0.02193219,1.351518E-05
1237667444048330789,194.04125140232,27.8442642259626,14.47717,0.00221354,0.02234048,0.0252572,6.81151E-06
1237667444048330864,194.124219418222,27.9400025531362,14.43044,0.002178061,0.01817784,0.02213149,7.745751E-06
1237667444048330974,194.006462553163,28.0383603406484,14.732,0.003356196,0.01866807,0.01979616,1.743912E-05
1237667444048330975,194.011403308108,28.0479630718754,16.76735,0.005210921,0.01867683,0.02467731,2.290457E-05
1237667444048331015,193.998988436601,27.9550703954291,15.59004,0.003421185,0.01998037,0.02700811,1.142725E-05
1237667444048331125,194.153739337929,27.8848868210671,17.31271,0.00835378,0.01815301,0.0210654,3.649216E-05
1237667444048396291,194.178572371366,28.0204514262826,13.94994,0.001926527,0.01742494,0.02086722,7.657778E-06
1237667444048396324,194.221407959797,27.9294970525839,15.11156,0.002646549,0.02019509,0.02040969,8.9829E-06
1237667444048461836,194.34058566385,27.8804298329713,15.32834,0.002779886,0.0250228,0.02480892,9.374273E-06
1237667444048461844,194.380146176297,28.0184243481082,17.41206,0.008644872,0.02061366,0.02351467,5.193356E-05
1237667444048461861,194.450278231522,27.8830574728906,14.29236,0.002102908,0.02391485,0.01953211,7.043742E-06
1237667444048461862,194.460980630353,27.8794848237614,15.0987,0.002622808,0.02390785,0.02317353,9.760078E-06
1237667444048461897,194.447097179312,27.8333090223157,14.82684,0.002456569,0.02476049,0.02018767,8.171925E-06
1237667444048461951,194.438760209091,27.9059772049761,17.57675,0.008781522,0.02337563,0.02702302,3.754852E-05
1237667444048461985,194.486651075931,27.9917515592995,17.01942,0.008604183,0.0246164,0.01522599,4.382482E-06
1237667444048527371,194.514623585942,27.8149479142084,14.73376,0.002323733,0.024942,0.0237746,8.193682E-06
1237667444048527399,194.590959146639,27.9677800604517,14.04987,0.001983083,0.02634376,0.0200533,7.186913E-06
1237667444048527492,194.511940568038,27.9783497636871,17.13336,0.005666523,0.02581261,0.02190111,2.416199E-05
1237667444048527503,194.507132631156,27.853558836155,16.07813,0.003807422,0.02440233,0.01897641,1.152313E-05
1237667444048527520,194.547630285408,27.9399482768898,16.0485,0.00356747,0.02618181,0.02838481,1.052408E-05
1237667444048527527,194.546304197759,27.860264491772,17.33707,0.006717346,0.02482724,0.02335937,2.582816E-05
1237667444048527531,194.548547795801,27.893662083772,17.5567,0.008465068,0.02504982,0.01914904,2.499912E-05
1237667444048527567,194.575873183531,27.8484888859698,17.02693,0.007362528,0.02509525,0.02528228,3.157543E-05
1237667444048527574,194.591637331313,27.8922832859017,16.018,0.004021638,0.02603694,0.02435052,1.643394E-05
1237667444048527579,194.59282730974,27.8847774974709,17.10201,0.006185249,0.0259753,0.01453775,1.990981E-05
1237667444048527610,194.640712940872,27.8367690222357,17.06937,0.006339274,0.02641868,0.01503399,2.625583E-05
1237667444048527614,194.662268736912,27.9538686676223,16.59386,0.00441752,0.02532435,0.0199885,1.485124E-05
1237667444048527619,194.653129318498,27.8494820556382,17.24807,0.005757746,0.02796839,0.02055939,1.704507E-05
1237667444048527629,194.658997052094,27.8225827526021,17.33686,0.01095918,0.02653872,0.01798755,5.269511E-05
1237667444048527840,194.650332421478,27.8728881655502,17.39023,0.01524938,0.02818588,0.02366776,9.281345E-05
1237667444048592910,194.703028661819,27.8104347379211,13.93778,0.001978141,0.0290563,0.01974443,7.110735E-06
1237667444048592912,194.721057338949,27.8134254983291,15.5658,0.00320623,0.03080684,0.01842033,9.559629E-06
1237667444048592938,194.730217197329,27.9647019571191,15.26374,0.002674831,0.02627085,0.01889264,8.049089E-06
1237667444048592948,194.733084612909,27.8333723952429,14.14917,0.002633308,0.03259711,0.02510278,8.799095E-06
1237667444048592965,194.727648509536,27.7956168189585,16.44166,0.004192044,0.02891477,0.02158206,1.486241E-05
1237667444048592990,194.775094426765,27.9966984268305,14.16541,0.002057863,0.024055,0.02557481,7.814225E-06
1237667444048593040,194.813531168594,27.9707257794689,14.34617,0.002156744,0.02498369,0.01608296,8.188733E-06
1237667444048593041,194.804612240889,27.9769750883,15.81319,0.003468532,0.02498649,0.02260663,9.854182E-06
1237667444048593084,194.783101527507,27.8549624478049,14.44068,0.002153396,0.03176772,0.02192698,7.159726E-06
1237667444048593146,194.8340568652,27.8859921035639,15.17129,0.002820483,0.02751349,0.02162358,8.654927E-06
1237667444048593192,194.669716871835,27.8269172190354,16.32151,0.004942367,0.02781927,0.02057693,2.046191E-05
1237667444048593198,194.689411138307,27.8799578659763,17.65862,0.01016633,0.03084408,0.0282389,4.020042E-05
1237667444048593218,194.692141046472,27.8608654814521,17.66117,0.008903195,0.03111679,0.02927363,3.494514E-05
1237667444048593228,194.711489231524,27.9955465746688,17.19195,0.007824992,0.02351843,0.02235485,3.306695E-05
1237667444048593262,194.735868183527,27.8219846127597,16.64516,0.005121134,0.03214579,0.02904657,1.320457E-05
1237667444048593271,194.75029233349,27.9674744716536,15.58028,0.003032419,0.02630776,0.0277459,8.94366E-06
1237667444048593276,194.747813258323,27.934521685377,16.52398,0.005984335,0.029168,0.01917685,2.998567E-05
1237667444048593305,194.767306805655,27.9591405726482,15.93324,0.003282199,0.02708144,0.02345661,1.088264E-05
1237667444048593307,194.769323800927,27.9109796560069,15.24325,0.002720876,0.03069103,0.02136191,7.756879E-06
1237667444048593321,194.787813464566,27.8975520772192,16.82227,0.006101303,0.03081656,0.02615086,2.60645E-05
1237667444048593330,194.790166251625,27.8673926742555,16.28125,0.003632857,0.03151566,0.02305771,1.006709E-05
1237667444048593338,194.810920146189,27.8955907154115,17.30966,0.006025441,0.0289581,0.02137562,1.561685E-05
1237667444048593359,194.839209090207,27.9735636048933,16.36368,0.003921284,0.02335608,0.020206,1.450494E-05
1237667444048593360,194.832147867801,27.9735002967325,16.76352,0.007446554,0.02376637,0.02412798,2.588044E-05
1237667444048658449,194.844255402196,27.8968728016878,15.19837,0.002612454,0.02674499,0.01718794,8.658556E-06
1237667444048658450,194.847550121137,27.9195655266725,17.6477,0.005900831,0.02600133,0.02311007,1.635512E-05
1237667444048658521,194.892163315313,27.9468363737267,14.2712,0.002119282,0.02196293,0.0239514,7.900336E-06
1237667444048658522,194.874841778964,27.9564278077549,13.95487,0.001986918,0.02230038,0.02266739,8.015006E-06
1237667444048658523,194.886633955294,27.9835999098617,14.04072,0.002025374,0.01997264,0.01942776,7.506882E-06
1237667444048658525,194.944907570549,27.9738447740462,14.62817,0.002306417,0.01889867,0.03141962,8.177494E-06
1237667444048658526,194.856189289841,27.973202528396,15.28769,0.002744535,0.02233767,0.0203301,8.196325E-06
1237667444048658528,194.915234080479,27.9539049065812,15.46985,0.002971435,0.02066054,0.02678836,1.063688E-05
1237667444048658529,194.855528199395,27.9679287147912,15.44428,0.002906817,0.02275835,0.02570544,9.294797E-06
1237667444048658530,194.917791129631,27.9682328399179,15.65183,0.003265507,0.01960462,0.02527304,9.245864E-06
1237667444048658531,194.934177265869,27.9584134419139,15.82116,0.00312167,0.01992246,0.02303317,1.018144E-05
1237667444048658532,194.89877127332,27.9592632735057,11.98041,0.001690713,0.02081842,0.02390867,1.046777E-05
1237667444048658535,194.909649392992,27.9871937351457,15.08683,0.003141123,0.01847524,0.02273988,1.207899E-05
1237667444048658536,194.855569779096,27.9344868386748,16.86209,0.005087877,0.02496049,0.02531135,1.855829E-05
1237667444048658549,194.879595289908,27.9549070471196,20.05523,0.0281784,0.02210321,0.0236594,4.440901E-05
1237667444048658609,194.872525699143,27.8501566064127,14.42877,0.002230985,0.02492916,0.02264451,8.523805E-06
1237667444048658616,194.878434451101,27.8842071991656,14.08934,0.002004732,0.02544266,0.01570999,7.319269E-06
1237667444048658635,194.907950411427,27.9073190131638,14.54056,0.002222457,0.02363226,0.02671096,8.090267E-06
1237667444048658653,194.926265602208,27.924732907372,15.26031,0.00274076,0.02206539,0.02303923,8.705905E-06
1237667444048658654,194.935019159584,27.9124547863754,14.15514,0.00205877,0.02251255,0.02235104,7.242181E-06
1237667444048658683,194.942174115382,27.8572277796636,14.81347,0.002404923,0.02296696,0.02698871,8.5723E-06
1237667444048658757,194.863772882899,27.785052536015,16.77743,0.005296306,0.02145933,0.02195326,2.423426E-05
1237667444048658763,194.882884254824,27.8612970267337,16.97291,0.006003326,0.02532809,0.01554677,1.92416E-05
1237667444048658766,194.877704575497,27.7914241205781,15.56765,0.002965476,0.02124181,0.02591176,8.559951E-06
1237667444048658774,194.897020531483,27.8636306906784,16.51428,0.003976932,0.02481489,0.02098727,1.356948E-05
1237667444048658776,194.904040831237,27.8258040884036,16.21544,0.003600004,0.02268658,0.02086743,1.224057E-05
1237667444048658791,194.917094115551,27.8549371448697,15.7117,0.003229247,0.02395535,0.01267187,9.623803E-06
1237667444048658793,194.914488570533,27.8545984184852,16.18769,0.008050052,0.02405314,0.03134233,4.113221E-05
1237667444048658805,194.934218771064,27.8676781442909,16.44698,0.004230452,0.02345008,0.02080937,1.647135E-05
1237667444048658808,194.936228035079,27.8897619433062,17.04805,0.006580545,0.02325501,0.02270657,2.742402E-05
1237667444048658822,194.958769453481,27.9248355782915,15.91709,0.003537403,0.02166448,0.03279741,1.225878E-05
1237667444048658843,194.962503417933,27.832950899089,16.39516,0.004178458,0.02136923,0.02634456,1.588036E-05
1237667444048658858,194.986046819322,27.9300248530611,15.04323,0.002782559,0.02144538,0.02570705,9.781056E-06
1237667444048658870,194.978597754377,27.7960003600152,16.06311,0.003696526,0.01913995,0.02750633,1.107062E-05
1237667444048658878,194.997788332255,27.9405714783175,17.24211,0.007915523,0.02111699,0.0203727,4.772233E-05
1237667444048658882,195.004040490954,27.9454313112633,16.867,0.006374494,0.02122412,0.02281969,2.253683E-05
1237667444048658912,194.959090920618,27.9126352900928,17.47263,0.01036232,0.02220696,0.02417115,4.271463E-05
1237667444048723983,195.033861825427,27.9769409285138,11.5143,0.001640705,0.02190446,0.02150175,1.136894E-05
1237667444048723984,195.068828715871,27.9675072124747,14.59441,0.002355902,0.02319052,0.01547031,6.952051E-06
1237667444048723985,195.075399921661,27.9565732826716,14.63501,0.002302538,0.02318661,0.02124036,8.248058E-06
1237667444048723989,195.025435166895,27.9783006634674,14.16533,0.0029113,0.0215309,0.0254602,1.184702E-05
1237667444048723991,195.078230394988,27.9370369750511,15.43026,0.003405106,0.02297498,0.01761597,1.329909E-05
1237667444048723996,195.01561298036,27.964705679981,16.39346,0.006616065,0.02127189,0.01777885,2.566665E-05
1237667444048724001,195.04311990404,27.9590679990449,17.50024,0.008156103,0.02231434,0.02111432,2.953229E-05
1237667444048724004,195.031143035643,27.9580695180286,17.05945,0.01342484,0.02189856,0.02071731,4.805172E-05
1237667444048724058,195.023672448191,27.9264637253773,17.73506,0.01057839,0.02201051,0.02653266,5.175507E-05
1237667444048724086,195.022925114932,27.8075946752714,14.7326,0.002436613,0.01906268,0.021926,7.903841E-06
1237667444048724108,195.038092841516,27.8664772135996,15.46847,0.002769403,0.021774,0.017733,9.209408E-06
1237667444048724109,195.042653299366,27.8639484828188,15.93079,0.003498494,0.02162129,0.03311475,1.299979E-05
1237667444048724118,195.116532620863,27.9559693819117,15.07099,0.002528128,0.02386717,0.02336195,8.09509E-06
1237667444048724135,195.165671469683,27.923933792128,14.00413,0.001970411,0.02240703,0.02501526,7.444973E-06
1237667444048724176,195.178482299746,27.9630831728301,14.70831,0.002341676,0.02355197,0.02809328,7.944274E-06
1237667444048724247,195.026210168324,27.7757641183196,14.69245,0.002406625,0.01794355,0.02060787,9.021843E-06
1237667444048724248,195.033580146551,27.7733180979145,16.88636,0.005735886,0.01787149,0.02892486,2.740862E-05
1237667444048724270,195.056810819008,27.8671768307925,16.13064,0.005314642,0.02145081,0.02468401,2.246594E-05
1237667444048724279,195.052609402741,27.7818205349669,15.4802,0.00312609,0.01797521,0.02337322,1.090767E-05
1237667444048724291,195.077385694626,27.8155227011552,16.22558,0.004153658,0.01893053,0.01788985,2.037648E-05
1237667444048724298,195.084039953025,27.8434940002557,16.88955,0.005707774,0.020205,0.02624773,2.307095E-05
1237667444048724303,195.090288097237,27.8985384860965,16.6378,0.005299928,0.02192084,0.01625898,2.256467E-05
1237667444048724320,195.10342586746,27.9266217099223,16.54179,0.006540264,0.02282256,0.02652961,3.135526E-05
1237667444048724328,195.1182936606,27.9723909581336,14.79415,0.002525534,0.02419736,0.0257351,9.260314E-06
1237667444048724347,195.124691653534,27.7702521766262,17.27045,0.008397773,0.01810888,0.02787676,4.833267E-05
1237667444048724349,195.143447755416,27.9346919831049,16.68892,0.008036132,0.02317134,0.02923246,4.599064E-05
1237667444048724352,195.14759251873,27.9427442848064,16.70088,0.007235961,0.02352139,0.02325009,3.158757E-05
1237667444048724355,195.139020437817,27.8242445365237,15.80171,0.003872484,0.01905234,0.02734583,1.514049E-05
1237667444048724362,195.135483645373,27.7661418910768,15.3971,0.003014612,0.0183021,0.02225512,9.822858E-06
1237667444048724379,195.073136804668,27.7844202898158,16.84413,0.009510348,0.01793063,0.0232499,4.598197E-05
1237667444048789588,195.233588545677,27.7908522847983,12.93996,0.00174179,0.01868418,0.02659411,7.582429E-06
1237667444048789589,195.22550081075,27.7837036730738,15.05164,0.002679037,0.01862096,0.02767608,1.027915E-05
1237667444048789602,195.218753726365,27.8049599393994,17.69479,0.009207494,0.01876491,0.02278867,4.151045E-05
1237667444048789674,195.246910609888,27.8998161886084,14.45095,0.002249465,0.01984618,0.02296883,7.905155E-06
1237667444048789675,195.233046065291,27.8984995989503,16.37935,0.007676336,0.02001752,0.02007744,3.51936E-05
1237667444048789704,195.270102576772,27.891744202187,16.5117,0.005960906,0.01959259,0.01935512,2.472863E-05
1237667444048789720,195.288477308824,27.8183039438233,14.89151,0.002464878,0.01897026,0.01974897,1.115692E-05
1237667444048789721,195.294604532846,27.8028866480324,14.82798,0.002440731,0.0188744,0.02232208,9.517969E-06
1237667444048789764,195.323315726335,27.8090710444691,13.65347,0.001854185,0.01913139,0.02435044,7.930141E-06
1237667444048789811,195.197519490083,27.9221565643608,15.07733,0.002668474,0.02178566,0.02857454,8.746303E-06
1237667444048789817,195.189103715597,27.835489299057,16.89836,0.005343677,0.01908681,0.02927293,2.007692E-05
1237667444048789843,195.228212924609,27.8420078748367,16.24574,0.003703904,0.01899958,0.02362565,1.124322E-05
1237667444048789861,195.306789021284,27.9142526949842,15.55945,0.002999651,0.02098365,0.01951386,1.039677E-05
1237667444048789881,195.330494542194,27.8604556361445,17.00616,0.005744218,0.02058067,0.02741085,1.654083E-05
1237667444048855053,195.358850439825,27.8859729500242,12.70268,0.001658305,0.02213866,0.018252,8.34355E-06
1237667444048855141,195.382517590132,27.8474999785188,13.45162,0.001757424,0.02072412,0.01822469,7.942694E-06
1237667444048855252,195.459255817533,27.8935444618584,14.50645,0.002180863,0.02058621,0.02518096,9.562084E-06
1237667444048855291,195.500588322182,27.7827129033554,14.89855,0.002569434,0.0205042,0.02374067,7.998315E-06
1237667444048855313,195.368602982341,27.9265439789628,16.69836,0.005061024,0.02279057,0.02510528,2.064861E-05
1237667444048855334,195.39102536636,27.9111024405541,16.70656,0.008792322,0.02285799,0.02189211,5.026323E-05
1237667444048855377,195.428649277209,27.7475629316865,16.6675,0.005692796,0.02049425,0.0354218,8.222955E-06
1237667444048920652,195.525033677402,27.765116833945,17.00573,0.006756745,0.02065738,0.02414318,2.583491E-05
1237667444048920692,195.632821627891,27.9355359834758,15.79907,0.003645545,0.01774396,0.022083,1.470567E-05
1237667444048986134,195.719752178221,27.8665936888584,14.24766,0.002146374,0.01781759,0.02738638,6.544607E-06
1237667444048986271,195.771661802753,27.7841191138634,15.20675,0.002740694,0.01813344,0.02558243,9.775978E-06
1237667444049051802,195.974321567418,27.821955718637,17.16829,0.006804032,0.02245251,0.01655121,2.591839E-05
1237667444049051826,196.019814237027,27.8505250815601,16.12194,0.004203355,0.02192548,0.02128608,1.58898E-05
1237667444585136268,193.993301777487,28.4073752639864,16.47515,0.006257048,0.02588453,0.02002974,2.942899E-05
1237667444585136289,194.014968319146,28.4347748393722,15.84345,0.003051586,0.02790356,0.02277359,9.255339E-06
1237667444585201702,194.146630819601,28.275457472547,14.81685,0.002371928,0.02268664,0.02433419,8.110237E-06
1237667444585201733,194.03975236878,28.3108886952733,15.24881,0.003008258,0.0263079,0.02638524,1.263156E-05
1237667444585267347,194.3238446501,28.4388242675785,17.78621,0.008542789,0.02334544,0.02304223,4.557578E-05
1237667444585267360,194.364527373252,28.439699568601,16.682,0.005042987,0.02312535,0.02592708,1.540511E-05
1237667444585267373,194.277258598182,28.2965994597757,16.99202,0.01020784,0.02195884,0.02250939,6.132165E-05
1237667444585332850,194.523281626146,28.2425914978552,13.73455,0.002055292,0.02405437,0.02398841,6.211269E-06
1237667444585332963,194.524303414621,28.3709584505167,15.68688,0.004129497,0.02442264,0.02544974,1.692171E-05
1237667444585398354,194.622956182916,28.3011212588116,15.80595,0.003495201,0.02446868,0.01969534,1.223905E-05
1237667444585398361,194.68293910759,28.2826715388061,16.34758,0.003763368,0.02421926,0.02544682,1.169366E-05
1237667444585398365,194.59876240936,28.3288056626646,16.84719,0.004909908,0.0247735,0.02729973,1.8651E-05
1237667444585398452,194.634529045872,28.3779720627965,17.17444,0.01161425,0.02301888,0.01961964,8.154019E-05
1237667444585398462,194.628987707848,28.2336221820637,15.97973,0.00571273,0.02420466,0.02429386,2.086955E-05
1237667444585463852,194.757544806777,28.2253562792871,14.00658,0.002020741,0.02555802,0.02675356,8.090312E-06
1237667444585463914,194.720641275355,28.2338266213583,17.18572,0.007648256,0.0250405,0.020241,3.265642E-05
1237667444585463957,194.812434476022,28.2510179348677,16.04525,0.006683637,0.02683301,0.02480188,3.742656E-05
1237667444585463989,194.858942661325,28.2875417099058,15.85797,0.003415746,0.02693933,0.02667863,1.080868E-05
1237667444585464035,194.726911302822,28.2229662063709,17.66798,0.0104619,0.02543138,0.0236324,3.866271E-05
1237667444585464245,194.723206663273,28.2889886440792,17.20187,0.01870642,0.0243327,0.02616505,0.0001011928
1237667444585529470,194.990611158435,28.2466639995862,13.32826,0.001735964,0.02540457,0.02237232,7.155583E-06
1237667444585529472,195.012506661005,28.2403102905982,16.22894,0.003806441,0.02594844,0.0256863,1.225594E-05
1237667444585529680,194.93567369879,28.2565255773911,17.81413,0.01334854,0.02562871,0.02630129,9.432348E-05
1237667444585529703,195.025649854475,28.2521831518924,17.17746,0.03338684,0.02620983,0.02121929,9.633063E-05
1237667444585594903,195.074696934213,28.2023981851634,13.00063,0.001745678,0.02745308,0.02844437,8.333503E-06
1237667444585595001,195.128196588443,28.3463639422662,13.56919,0.00185305,0.02352482,0.01986554,7.277086E-06
1237667444585595059,195.184284096314,28.3372650758403,14.43088,0.002196262,0.02237204,0.02640828,6.867966E-06
1237667444585595093,195.217014286296,28.366127457516,13.62839,0.001861551,0.02194983,0.02547665,8.057625E-06
1237667444585595157,195.092451607569,28.2470906197883,16.87688,0.005182014,0.02727438,0.02508161,2.255877E-05
1237667444585595177,195.135268435612,28.2560509178605,16.7076,0.01058877,0.02626039,0.02095639,5.045145E-05
1237667444585660537,195.28764464715,28.3597822924691,15.08601,0.002618399,0.02141677,0.02301273,8.23871E-06
1237667444585660575,195.344906530011,28.1960359758045,14.76388,0.002368172,0.02168092,0.02536228,8.796152E-06
1237667444585725994,195.453550950031,28.1719483323776,15.86407,0.004624577,0.02094055,0.02541527,2.081383E-05
1237667444585726015,195.542861532794,28.1918177008192,15.5151,0.003241285,0.02133996,0.01913729,1.10204E-05
1237667444585726083,195.412866869229,28.2458768145877,16.55649,0.005560487,0.02113949,0.02533837,2.331412E-05
1237667444585726096,195.430341049331,28.2977865854792,17.48855,0.006592358,0.02101089,0.02565928,2.497347E-05
1237667444585726117,195.43406566251,28.2143590064141,16.41988,0.003808503,0.02193247,0.02610355,1.17557E-05
1237667444585726198,195.559643801511,28.3526448853885,14.77014,0.002840988,0.01990973,0.02884664,1.473649E-05
1237667444585791491,195.553278002564,28.2148373267855,15.08236,0.002801348,0.02239467,0.02730983,8.26436E-06
1237667444585791502,195.58966914892,28.2307701212819,14.31233,0.002190344,0.02143666,0.01857502,7.219531E-06
1237667444585791644,195.547338684142,28.1724567094231,16.91516,0.02857606,0.01996897,0.02988449,7.762506E-06
1237667444585791665,195.590232511146,28.2559790755538,14.53859,0.002335806,0.02092722,0.0227214,8.94348E-06
1237667444585857114,195.74766250227,28.27535445414,16.53773,0.00411152,0.022062,0.02390798,1.451976E-05
1237667444585857153,195.802638507581,28.1724981550614,15.90196,0.004170931,0.02007631,0.02425432,1.980453E-05
1237667444585857168,195.839808704322,28.3090354738125,15.50245,0.003088886,0.02371967,0.01842575,1.14668E-05
1237667444585857184,195.875119416415,28.2747004341495,16.24396,0.004948228,0.02232484,0.02138566,2.413185E-05
1237667444585857196,195.890405905279,28.2394259864677,16.71375,0.006187294,0.02009225,0.0274078,2.69644E-05
1237667444585922609,195.958123620537,28.1857339728352,12.69318,0.001672364,0.01824769,0.02323505,7.181612E-06
1237667444585922611,195.978633527641,28.187643280719,15.23183,0.002724448,0.01808744,0.02291706,8.71374E-06
1237667252945486149,193.934561775186,28.754602706659,16.98089,0.01045358,0.02319307,0.02747388,4.808786E-06
1237667252945616923,194.235743506241,28.6233763265514,14.64894,0.00232566,0.02459782,0.02185673,8.771461E-06
1237667252945616973,194.157460480189,28.7033337426515,17.58196,0.008290299,0.02414845,0.03466807,1.035191E-05
1237667252945682613,194.457353063062,28.6242593395367,17.16297,0.00675517,0.02602907,0.02499963,6.785773E-06
1237667252945748053,194.538440824409,28.7085612120753,14.55204,0.002612959,0.03009883,0.02536839,1.209935E-05
1237667252945748097,194.580613982704,28.6985101844268,16.75317,0.00515331,0.02804622,0.01930469,2.84097E-05
1237667252945813608,194.824699188582,28.6240013543126,16.5484,0.004569018,0.02073615,0.03470419,8.05676E-06
1237667252945813654,194.785642300662,28.7282235981488,16.37576,0.005881565,0.02032077,0.02366714,3.405428E-05
1237667253482422453,194.119676862082,29.1370509634724,16.64328,0.005344266,0.02538176,0.03163352,8.663443E-06
1237667253482487860,194.256748291514,29.0626212590475,14.18628,0.002052952,0.0273999,0.0250272,8.351328E-06
1237667253482487930,194.297487405865,29.0450815511018,13.66296,0.001917745,0.02750452,0.02495532,8.410148E-06
1237667253482488240,194.280067318101,29.0627334207158,17.48628,0.01554917,0.02771209,0.02507045,0.000132835
1237667253482553389,194.445986193128,29.1495116568507,14.85943,0.002389515,0.0239013,0.02385668,8.776843E-06
1237667253482553501,194.440296962121,29.1300011258294,17.65497,0.008976656,0.02362564,0.02491663,5.455993E-05
1237667253482618902,194.575994722758,29.1287828496171,14.29512,0.002185256,0.02794599,0.02632676,9.577949E-06
1237667253482619004,194.52852747765,29.0345483565527,16.65582,0.006306897,0.02090591,0.02424348,4.11799E-05
1237665427552927881,194.875477343479,28.7001284408476,17.1654,0.005492401,0.02075816,0.02368247,2.401431E-05
1237665427552927902,194.917200734102,28.6308022950577,15.07103,0.003165773,0.02245244,0.01783614,6.876079E-06
1237665427552993436,195.018294753698,28.6034824944784,15.45464,0.003305257,0.02363573,0.02274294,1.979245E-05
1237665427552993478,195.09458906104,28.574474669521,15.85812,0.005427097,0.02408472,0.02158592,3.158518E-05
1237665427553058914,195.154751262705,28.6641178865181,16.60698,0.005529959,0.0256634,0.02360363,6.899845E-06
1237665427553124486,195.354480293973,28.6772253598032,14.47555,0.002379248,0.03041397,0.02915233,1.020569E-05
1237665427553124587,195.4492623908,28.6602096947014,17.25859,0.008208226,0.02366444,0.02872291,5.028937E-05
1237665427553189967,195.497239373117,28.7094725548596,17.14606,0.006662803,0.0223991,0.02023203,3.719672E-05
1237665427553255498,195.79056921392,28.5835206512888,14.18788,0.002113034,0.02111703,0.02282964,8.095286E-06
1237665427553321028,195.832508886991,28.6172727887781,15.92888,0.003557508,0.02199192,0.01988279,1.46214E-05
1237665427553321062,195.936824813474,28.545921342782,16.04828,0.00342027,0.02031486,0.02579949,1.420393E-05
1237665427553321118,195.866332218664,28.564224923352,16.10743,0.006138208,0.02082901,0.01589292,1.467827E-05
1237665427553386581,196.148967955507,28.6277402559277,15.64101,0.003046215,0.02391265,0.02236626,7.280592E-06
1237665427553386633,196.05469756966,28.5424539305107,17.39596,0.01003531,0.01726976,0.02706753,6.123844E-06
1237665427553386636,196.065710749018,28.5453865510812,17.61356,0.008698528,0.01707719,0.02785682,1.236309E-05
1237665428089864334,195.164792116953,29.0194074440033,13.80626,0.002125158,0.03201197,0.02424585,1.337719E-05
1237665428089864346,195.172219633614,29.0241999741511,21.59778,0.0836248,0.03275036,0.02371979,9.261654E-06
1237665428089929976,195.198173840503,29.0672233801512,17.17839,0.01339926,0.0325377,0.02498768,8.228114E-05
1237665428089995273,195.390003400941,29.1305910162567,13.29134,0.001772164,0.03613646,0.02453147,1.170414E-05
1237665428089995515,195.430722913139,29.044658570315,13.596,0.002011899,0.03915135,0.02372994,1.089039E-05
1237665428089995563,195.433250063168,28.9995424101428,14.75265,0.002655442,0.03340586,0.02142398,1.283342E-05
1237665428089995606,195.52364184045,29.1123145013554,20.20131,0.033116,0.03088477,0.04921409,5.998263E-06
1237665428089995663,195.446111981103,29.0766449971161,17.5279,0.01729612,0.03971306,0.0231106,1.067257E-05
1237665428090061006,195.595094634124,29.1495586596431,17.62764,0.008181595,0.02605416,0.0494033,1.059697E-05
1237665428090061020,195.580897188413,28.9526655629292,15.53436,0.002904339,0.02911458,0.03465652,1.224761E-05
1237665428090061453,195.661212156078,29.0756036494899,17.68788,0.02189065,0.02540364,0.02233465,9.368442E-05
1237665428090191940,195.889293306973,29.0604918294491,17.01671,0.007884813,0.02686359,0.02515178,6.275824E-05
1237665428090192022,196.042606512841,29.0154335046959,15.10929,0.003213768,0.02367748,0.02210143,1.831313E-05
1237665428090257496,196.074678862051,29.02953580281,14.36846,0.002274912,0.02391437,0.02276627,1.04645E-05
1237665428090257546,196.122143964547,28.9875009200063,17.76808,0.01199182,0.02363343,0.02406,8.584785E-05
1237667324334768325,195.333292146706,27.9610156450116,17.57349,0.007357861,0.0211982,0.02626503,4.013226E-05
1237667324334768346,195.363104189032,27.9991958902805,15.60357,0.002808929,0.02053928,0.025495,8.214365E-06
1237667324334768368,195.396838743459,28.1469487045078,17.00553,0.005416864,0.01977738,0.01759234,2.413948E-05
1237667324334768379,195.405521683289,28.0157684825243,17.03914,0.006469327,0.02040949,0.02383511,2.688416E-05
1237667324334833744,195.660181057666,28.1145710228721,14.689,0.002582134,0.01735526,0.02488411,1.105279E-05
1237667324334833783,195.533970497546,28.1510265057173,17.18092,0.007953241,0.01895261,0.01637006,4.169795E-05
1237667324334833807,195.559729478971,28.101596914342,16.01556,0.003665204,0.01801449,0.01983889,1.883389E-05
1237667324334833870,195.64495510833,27.9491093495886,14.74006,0.002569617,0.01841183,0.01928198,1.13706E-05
1237667324334833950,195.604293644629,27.9722581716407,17.28548,0.01091573,0.01860872,0.02742219,7.077159E-05
1237667324334899203,195.684984965144,28.045338208552,13.68561,0.001828229,0.02155824,0.02076338,8.594459E-06
1237667324334899265,195.753648584939,28.0324735786419,13.02487,0.001705782,0.02427411,0.01793707,6.878441E-06
1237667324334899374,195.735715271896,28.0703941712978,14.49853,0.002347646,0.02110169,0.02588479,1.015556E-05
1237667324334899420,195.817685340268,28.0304044444865,14.09561,0.00220894,0.02787456,0.02031774,9.022365E-06
1237667324334964782,195.937273855465,28.0842168568776,14.2815,0.002082244,0.02264203,0.01876636,8.244177E-06
1237667324334964812,195.961653752345,27.9883676069246,14.1962,0.002000341,0.02517797,0.02117967,7.750785E-06
1237667324334964813,195.942828701635,27.9869157698928,16.49962,0.004837586,0.02623156,0.02061088,1.990769E-05
1237667324334964884,195.844870559075,27.9359619009427,14.92138,0.002527126,0.02618859,0.02009697,1.007221E-05
1237667324334964901,195.855544393712,28.0139938315681,14.74127,0.002573485,0.02953748,0.02654376,1.123893E-05
1237667324334964917,195.880140364324,28.0923054224563,15.80737,0.003436894,0.02332406,0.02111703,1.794592E-05
1237667324334964935,195.902413546025,28.0979516017944,17.76247,0.009711884,0.02271273,0.02058619,5.056025E-05
1237667324334964987,195.96040532167,28.0544041547406,16.12363,0.0036717,0.02290423,0.02097959,1.618615E-05
1237667324335030394,196.033193138867,27.9649484556976,14.75309,0.00257098,0.02158887,0.01980436,1.274144E-05
1237665440441696400,193.852191265995,28.5712477441995,17.75495,0.01012485,0.02519315,0.02564791,2.439107E-05
1237665440441761843,194.090797571316,28.4869355600979,15.89267,0.003398797,0.02906219,0.02200934,1.457773E-05
1237665440441892890,194.391191533255,28.4822571614252,13.26373,0.001720661,0.02493722,0.0208744,7.538812E-06
1237665440441892891,194.383142672062,28.4769425522129,12.46939,0.001544625,0.02470157,0.02256766,9.289376E-06
1237665440441892904,194.354394745362,28.4958928406158,16.69903,0.006839585,0.02523897,0.02394781,4.263176E-05
1237665440441892998,194.474743403174,28.4998067687287,15.10212,0.002510331,0.02496104,0.02436011,8.756586E-06
1237665440441958487,194.562768369411,28.521782562633,16.36541,0.004942198,0.02428056,0.02303872,7.102034E-06
1237665440442024035,194.733756557692,28.463629028495,15.55925,0.003082806,0.02234223,0.01972125,1.576433E-05
1237665440442024094,194.703919061709,28.5399979627666,17.20409,0.007265634,0.02114154,0.02096941,3.956648E-05
1237665440442089547,194.83755027636,28.4414771516295,16.9173,0.005333638,0.02621426,0.02189435,2.497237E-05
1237665440442089553,194.846473958468,28.4885986089472,15.81575,0.003329156,0.02549998,0.0233463,1.067476E-05
1237665440442089583,194.898630354025,28.5513647259983,14.96751,0.002445223,0.02393536,0.02529903,8.712113E-06
1237665440442089601,194.922106048695,28.5071954101907,15.01974,0.003085133,0.02595057,0.02748123,1.489003E-05
1237665440442155099,195.122312006143,28.4556429094416,17.38803,0.008735465,0.02552731,0.02411931,4.773536E-05
1237665440442155197,195.007640576844,28.4348164330296,16.21806,0.00480776,0.02642015,0.02699485,2.287648E-05
1237665440442155264,195.082823142696,28.4392284427739,17.78879,0.009585364,0.02513778,0.02369337,5.561197E-05
1237665440442155329,195.059240619592,28.4580656213662,17.75537,0.01098743,0.02508469,0.02610259,7.444157E-05
1237665440442220653,195.182794772885,28.4163326730284,16.11123,0.003987151,0.02338845,0.02092743,1.657857E-05
1237665440442220827,195.31231891148,28.5217546540502,17.12424,0.0105346,0.02542353,0.02813301,4.023371E-06
1237665440442286144,195.361207207261,28.4358939754797,16.21379,0.004693172,0.0235334,0.0192207,2.256152E-05
1237665440442351629,195.53608396082,28.3871080825636,14.06322,0.002022224,0.02153706,0.02526679,1.309078E-05
1237665440442351685,195.546418914066,28.4566139318449,16.35969,0.006974763,0.02291714,0.02048302,4.628926E-05
1237665440442351734,195.633184584351,28.4393232519616,15.80331,0.003639659,0.01810602,0.01990046,2.124176E-05
1237665440442351742,195.658953721111,28.5019066337512,16.02856,0.004893864,0.01979606,0.01921797,2.981472E-05
1237665440442351757,195.669998666552,28.3713018245879,14.47748,0.002331523,0.01873241,0.02472724,1.060819E-05
1237665440442351844,195.558945318853,28.5071077212092,17.90443,0.0130746,0.02323923,0.02266421,9.915161E-05
1237665440442417214,195.71351070655,28.4824384272355,16.9446,0.005423937,0.01973761,0.02357034,2.594739E-05
1237665440442417243,195.790981249344,28.4896063172504,17.0117,0.005853919,0.02073005,0.01798145,2.367436E-05
1237665440442417323,195.738848732871,28.375600328505,17.21591,0.009932102,0.01992867,0.02951606,7.203462E-05
1237665440442548314,196.076756682974,28.4681349523023,14.86739,0.002785122,0.01645189,0.02577338,1.418462E-05
1237665440978698320,194.210894458443,28.9298324817892,14.35512,0.002272157,0.02353663,0.026997,9.6645E-06
1237665440978698520,194.279134612015,28.9583704880279,17.46062,0.01026958,0.02611276,0.02747943,7.290666E-05
1237665440978763910,194.432145190006,29.0032030641904,17.44021,0.008265062,0.02149709,0.02308036,5.66954E-06
1237665440978763913,194.43379526901,29.0203757207111,15.52851,0.004128556,0.02121834,0.02642079,2.457884E-05
1237665440978763955,194.523410237022,29.0173616029541,16.44187,0.005138726,0.02020659,0.02567655,3.382527E-05
1237665440978829317,194.555544089457,28.9480984811571,14.16336,0.002194219,0.02037443,0.0255569,7.873106E-06
1237665440978829339,194.616023247069,28.9741297107337,15.03579,0.002580595,0.02212503,0.0238004,9.279175E-06
1237665440978829404,194.626090006507,28.8588404229993,15.04419,0.00273453,0.01956361,0.026647,1.140957E-05
1237665440978829441,194.680067925913,28.9100472435057,14.71727,0.002633265,0.02170939,0.02783409,1.328132E-05
1237665440978960400,194.91577264283,28.9265549771207,13.89204,0.001983616,0.02654714,0.02009263,9.447953E-06
1237665440978960466,194.912996800047,28.8955236086662,13.64247,0.00191414,0.02587287,0.02039363,1.237405E-05
1237665440979025953,195.106860187594,28.8678073934719,14.22817,0.002079401,0.02593292,0.02257972,8.862419E-06
1237665440979026019,195.058355375781,28.8281644434916,14.01952,0.002059509,0.02466816,0.02447447,9.034916E-06
1237665440979026068,195.13002691707,28.9505340584901,16.80273,0.007100739,0.02567881,0.02327358,8.602858E-06
1237665440979026161,195.079748142254,28.8781463856717,17.49778,0.01157715,0.0255815,0.02462916,0.000101404
1237665440979091535,195.315650976421,28.8721784223315,16.1928,0.004048918,0.02085405,0.02378029,1.766863E-05
1237665440979091634,195.251348422006,28.7921591008561,17.42477,0.009722292,0.02495083,0.02659732,9.026186E-05
1237665440979157097,195.51843341003,28.894576668828,14.77844,0.002361135,0.02727976,0.02705565,9.929557E-06
1237665440979222567,195.606862839908,28.8580635630958,16.51189,0.004478404,0.02676645,0.02233579,5.824172E-06
1237665440979222670,195.648014771929,28.7452316009678,15.88569,0.004247006,0.02080003,0.02039584,2.476333E-05
1237665440979288192,195.846408376943,28.8641676660111,15.53096,0.002988193,0.02501624,0.02190953,1.08815E-05
1237665440979288199,195.844124517784,28.7965163163799,17.29333,0.006333454,0.02454507,0.02634211,2.867963E-05
1237665440979353636,195.925870239598,28.905511306085,15.16507,0.002684058,0.02527649,0.02231883,1.121037E-05
1237665440979419139,196.094505866627,28.8107654534364,14.71635,0.00267568,0.02879581,0.0264685,7.574887E-06
1237667444585922613,195.960154273299,28.1786357779268,16.3955,0.005477693,0.01833044,0.02129176,2.532421E-05
1237667444585922740,196.042281937626,28.247951973113,14.19415,0.002049271,0.01919745,0.01980045,9.062054E-06
1237667444585922800,195.899849185867,28.1669677048163,17.15127,0.005841846,0.01931243,0.02207758,2.297114E-05
1237667444585922954,195.976769029091,28.3105543009076,16.76723,0.01159124,0.02149323,0.02675119,6.484258E-06
1237667444585988282,196.130599534915,28.3019347577608,17.57259,0.006353043,0.01858003,0.02626066,4.68281E-06
1237667322723631193,193.903934566501,26.9116379740067,16.55941,0.006543312,0.02117806,0.01977963,3.044478E-05
1237667322723631315,194.008273685,26.9208104301108,16.78413,0.009712165,0.01940904,0.01899296,4.849474E-05
1237667322723696662,194.116059801409,26.987420225191,12.79096,0.001680063,0.02536388,0.02149556,7.496297E-06
1237667322723696663,194.121380149926,26.9569993866145,13.83409,0.001924261,0.02315881,0.02349821,7.378269E-06
1237667322723696789,194.213206433333,26.8988800476439,14.13597,0.002153991,0.02282109,0.0207527,9.111709E-06
1237667322723696863,194.150056654307,26.9047714864538,16.74678,0.004969287,0.0197976,0.02633429,2.902861E-05
1237667322723762338,194.329092886758,26.937621541558,17.2498,0.008682358,0.02404318,0.02556115,5.136834E-05
1237667322723827726,194.429307970786,26.8523831981815,14.47808,0.002217495,0.01953113,0.02125385,7.228567E-06
1237667322723827758,194.513194298134,26.9159631885312,14.57548,0.002211676,0.02139787,0.02737977,7.20759E-06
1237667322723827770,194.509924229175,26.8595006257056,14.12679,0.001992773,0.01990225,0.02452431,7.762545E-06
1237667322723827986,194.494230611838,26.9392518519976,17.61934,0.01375807,0.02176031,0.02542325,0.0001104926
1237667322723893322,194.584483358852,26.9206297850685,16.96216,0.005592739,0.02177441,0.02305392,2.583895E-05
1237667322723958937,194.82616113055,26.8898689261211,17.28686,0.008153391,0.02123378,0.018254,4.38158E-05
1237667322724024401,195.014695905543,26.8981074771178,13.49986,0.001929876,0.02251489,0.01976376,7.740869E-06
1237667322724090010,195.090502309771,26.9060243274601,15.79657,0.003360935,0.02310115,0.03912035,1.397099E-05
1237667322724155512,195.333662968,26.8867456529938,17.15867,0.00596524,0.0230492,0.02694282,3.374701E-05
1237667323260436605,193.862346628816,27.4224983156058,17.22459,0.006488161,0.02337051,0.02396124,2.209381E-05
1237667323260436744,193.851857260447,27.2804654666378,17.75852,0.01090228,0.02445795,0.02174034,7.425359E-05
1237667323260502019,193.922068404893,27.2507651298822,13.6277,0.001821749,0.02072511,0.02365111,7.859406E-06
1237667323260502170,193.942107288525,27.3638284154289,17.12241,0.005444262,0.02295028,0.04035063,2.422625E-05
1237667323260502211,194.017516603467,27.2855451577057,17.56006,0.008858259,0.02014529,0.02235919,9.401575E-06
1237667323260567605,194.197547650819,27.2922699695345,15.93604,0.005727374,0.02132201,0.02616944,3.249025E-05
1237667323260567643,194.098972908212,27.2339823811432,16.78992,0.006214898,0.01943196,0.02018797,3.003218E-05
1237667323260567649,194.119066277425,27.2912677276214,14.93843,0.002823648,0.02295265,0.02507102,8.929531E-06
1237667323260567703,194.144334572854,27.2275564090541,15.41505,0.003008765,0.02114857,0.0239829,1.296201E-05
1237667323260633139,194.257087628182,27.372084200323,15.05022,0.002670025,0.02146745,0.02335869,1.095859E-05
1237667323260633162,194.281937657411,27.3405503099274,17.48097,0.007083121,0.01946907,0.02433548,2.615235E-05
1237667323260633183,194.308617216578,27.2537479879091,17.05881,0.006461882,0.01749432,0.01747906,3.348336E-05
1237667323260633230,194.394538616261,27.3103214640806,17.06368,0.005378215,0.0197407,0.02484694,2.802539E-05
1237667323260698686,194.485514452773,27.3822883973786,16.73664,0.005421542,0.02332181,0.01738534,2.893939E-05
1237667323260698698,194.48072586664,27.2320234176602,17.51274,0.007396396,0.02078019,0.02161744,2.97405E-05
1237667323260698733,194.577616216501,27.3108222063476,16.01828,0.003566786,0.03134508,0.0247218,6.954737E-06
1237667323260764177,194.605424605225,27.1999966145997,16.52054,0.005681259,0.02944819,0.02683141,1.301751E-05
1237667323260764184,194.647230921338,27.2647008292695,14.97668,0.003031753,0.03358837,0.02453957,6.125944E-06
1237667323260764250,194.655341647786,27.1766130597826,15.02882,0.002770512,0.03121096,0.02556809,6.032908E-06
1237667323260764326,194.638068941343,27.364365696737,14.76413,0.002554521,0.02769765,0.02322747,1.094122E-05
1237667323260829813,194.818373318641,27.1580788307777,15.14639,0.002739517,0.02436174,0.02232145,1.046471E-05
1237667323260829935,194.905630493967,27.3360474126594,16.00946,0.004271354,0.01729433,0.0232575,2.008918E-05
1237667323260895278,195.026164834203,27.3007130661533,15.14636,0.002995803,0.02111749,0.02625441,1.275301E-05
1237667323260895450,195.060210600202,27.2807268069172,15.63449,0.003396363,0.02187833,0.03704246,8.656646E-06
1237667323260895917,195.065145401379,27.2566721331826,17.72291,0.01209646,0.02185623,0.02378349,9.242461E-05
1237667323260960821,195.116104386748,27.2717866772735,17.79766,0.007060993,0.02211134,0.02587094,3.153032E-05
1237667323260960965,195.099584113834,27.2869266585379,17.79181,0.01133644,0.02212152,0.0242417,8.798552E-05
1237667323260961158,195.128496920959,27.300179688661,17.76642,0.01394479,0.02186261,0.02564163,0.0001176265
1237667323261026354,195.294709931189,27.2464984455643,15.89053,0.005571286,0.01862935,0.02061296,3.581416E-05
1237667323261091954,195.52299891919,27.2972716010458,15.92124,0.003591198,0.02144059,0.02427973,1.386967E-05
1237667323261157385,195.655638946037,27.1761404681539,15.00387,0.002431991,0.02155984,0.01829657,9.570719E-06
1237667323261157433,195.592949555732,27.1879222488313,17.69246,0.007562496,0.02317949,0.03573755,1.065324E-05
1237667323261157453,195.636449334602,27.2955624355497,15.59799,0.003505023,0.01983745,0.02537541,1.715199E-05
