wavelength_A,flux
3805.3972,9.461549
3806.2727,8.50415
3807.1504,5.317577
3808.0261,1.7783622
3808.9043,3.7380278
3809.7805,6.5743737
3810.659,9.659359
3811.5356,8.452551
3812.4126,8.265615
3813.2917,8.710999
3814.169,7.5704565
3815.0483,3.4372678
3815.926,2.4420147
3816.806,8.297264
3817.684,8.489311
3818.5623,11.482131
3819.4429,11.262926
3820.3215,9.633732
3821.2024,1.7143914
3822.0815,8.535289
3822.963,8.534601
3823.8423,4.6671147
3824.724,9.506341
3825.604,3.100656
3826.4841,2.3847282
3827.3665,11.768353
3828.247,8.525615
3829.1296,9.8508005
3830.0107,5.923728
3830.8938,5.2103105
3831.7751,10.031378
3832.6567,10.269512
3833.5405,6.3989835
3834.4224,8.277638
3835.3066,7.3171763
3836.1887,3.9023073
3837.0735,8.691839
3837.956,8.393314
3838.839,4.3549924
3839.7244,5.7110925
3840.6077,9.977785
3841.4932,10.548586
3842.377,9.815844
3843.263,8.819619
3844.1472,5.1546383
3845.0315,3.4332218
3845.9182,4.6645823
3846.803,3.814445
3847.69,5.0308943
3848.5752,7.559624
3849.4626,13.116272
3850.3481,27.063437
3851.234,35.618484
3852.122,20.6166
3853.0083,35.569782
3853.8967,34.73055
3854.7832,21.404425
3855.672,11.391621
3856.559,7.173931
3857.4463,3.8158865
3858.336,0.76866186
3859.2234,0.6258788
3860.1135,0.80412996
3861.0015,3.8275578
3861.8918,4.557902
3862.7803,9.694152
3863.669,4.742828
3864.5598,5.2871313
3865.4487,7.4294357
3866.34,6.871225
3867.2297,6.0209146
3868.1213,6.0226016
3869.0112,11.255287
3869.9014,5.20473
3870.7937,6.603849
3871.684,8.333879
3872.577,8.033912
3873.4678,5.360473
3874.361,5.6236296
3875.2524,6.655405
3876.1438,4.9863467
3877.0376,7.1891007
3877.9297,5.6941347
3878.824,5.4916897
3879.716,4.9587846
3880.6108,7.278419
3881.5037,9.178413
3882.3965,7.807317
3883.2917,4.9316473
3884.185,6.8161607
3885.0808,12.172357
3885.9746,8.255911
3886.8706,1.8304806
3887.765,9.468639
3888.6592,7.590682
3889.556,7.4419203
3890.4507,6.778711
3891.348,13.354631
3892.2432,13.079446
3893.1406,5.1649556
3894.0361,8.212503
3894.934,9.470746
3895.83,9.615662
3896.7263,9.300057
3897.625,7.0755258
3898.5217,4.0341907
3899.4207,2.50756
3900.3176,4.0003066
3901.217,10.055356
3902.1145,14.295328
3903.0122,10.700873
3903.9124,10.343328
3904.8103,12.373184
3905.7107,7.7922974
3906.6094,5.79476
3907.5103,9.689983
3908.409,11.857076
3909.308,6.479679
3910.2097,4.541011
3911.1091,10.291435
3912.011,8.1197405
3912.9111,7.7848563
3913.8132,11.74317
3914.7136,6.541071
3915.6143,9.549175
3916.5173,3.3440166
3917.4182,6.6821933
3918.3215,11.863617
3919.223,7.241677
3920.1267,4.3318334
3921.0286,5.4773583
3921.9307,4.279636
3922.835,5.882818
3923.7373,7.337722
3924.642,4.619133
3925.545,7.5273685
3926.4502,9.404185
3927.3535,8.293472
3928.257,7.226441
3929.1628,6.67397
3930.0667,8.787085
3930.973,10.8497305
3931.8774,6.507101
3932.784,6.089197
3933.6887,10.093657
3934.5938,9.210006
3935.501,9.840313
3936.4062,9.020972
3937.314,7.315128
3938.22,9.528781
3939.128,6.701937
3940.0342,9.681023
3940.9407,9.448015
3941.8494,10.48617
3942.756,6.934957
3943.6653,6.5388827
3944.5725,9.084793
3945.4822,11.088888
3946.39,11.377869
3947.2979,8.329558
3948.208,4.045043
3949.1162,6.202454
3950.0269,7.1783805
3950.9355,4.2866807
3951.8467,10.727794
3952.7559,7.5888476
3953.665,6.0364776
3954.577,7.2836175
3955.4866,6.6122985
3956.3987,6.8696647
3957.3088,6.605282
3958.2214,4.9959
3959.132,5.730039
3960.045,8.866294
3960.956,6.3857937
3961.8672,6.43272
3962.7808,5.242603
3963.6924,5.467336
3964.6064,7.1170917
3965.5186,5.567037
3966.4329,5.9901576
3967.3455,7.077422
3968.258,5.3523626
3969.173,7.7647247
3970.0862,3.4497135
3971.0017,6.5610332
3971.9153,9.011145
3972.8313,8.932768
3973.745,8.894102
3974.6592,8.260506
3975.576,11.869606
3976.4905,9.940533
3977.4075,4.753483
3978.3223,11.513387
3979.2397,7.709141
3980.1553,8.519256
3981.0708,12.661501
3981.9888,11.663364
3982.9048,9.792879
3983.8232,13.180288
3984.7397,13.955136
3985.6587,8.046938
3986.5757,12.36542
3987.4927,5.8118463
3988.412,7.9720397
3989.3298,5.2185187
3990.2498,8.561467
3991.1677,7.972539
3992.088,5.257495
3993.0063,10.717735
3993.9248,7.752249
3994.846,9.195046
3995.765,13.764696
3996.6863,10.377026
3997.6057,10.759488
3998.5276,9.037655
3999.4475,10.019008
4000.3674,9.594694
4001.29,8.315479
4002.2104,9.814285
4003.1333,11.254194
4004.0542,12.120545
4004.9775,7.4730597
4005.899,6.3187537
4006.8206,9.704809
4007.7444,9.771637
4008.6665,8.904627
4009.5908,7.918548
4010.5132,6.778098
4011.438,6.796197
4012.3608,7.8593554
4013.284,8.549744
4014.2095,10.72493
4015.1328,10.372138
4016.0588,6.4633064
4016.9827,6.887963
4017.909,7.5324078
4018.8333,8.286327
4019.7578,6.4273605
4020.6848,5.582795
4021.6096,9.656603
4022.537,9.8211355
4023.4624,6.428805
4024.3901,8.457952
4025.3162,6.3920856
4026.242,6.327886
4027.1704,9.220146
4028.097,6.6385717
4029.026,6.8739786
4029.9526,9.778319
4030.882,7.9185433
4031.8093,8.009051
4032.739,11.881589
4033.6667,9.531936
4034.5947,12.723096
4035.5251,5.9847803
4036.4534,8.941469
4037.3843,9.336686
4038.313,7.527079
4039.2441,11.0932865
4040.1733,14.046254
4041.1028,11.333102
4042.0347,8.904014
4042.9646,8.385045
4043.897,5.7991776
4044.8271,11.3611765
4045.76,9.978652
4046.6907,11.210437
4047.6216,10.9177
4048.555,9.177828
4049.4863,7.826473
4050.4202,8.078538
4051.352,11.88853
4052.2861,10.714501
4053.2185,14.49306
4054.151,7.8685365
4055.0857,5.07282
4056.0186,8.163859
4056.9539,11.6830845
4057.8872,9.647642
4058.823,7.2771597
4059.7566,8.353506
4060.6907,6.840477
4061.627,3.5365534
4062.5613,3.6152155
4063.4983,4.5997825
4064.4329,3.6188169
4065.37,5.4506183
4066.3054,5.6772647
4067.241,5.7870903
4068.1787,7.1071496
4069.1147,7.570876
4070.053,8.5009575
4070.9893,10.012296
4071.928,5.216678
4072.8647,8.834489
4073.8018,12.977328
4074.7412,9.654236
4075.6785,6.15632
4076.6184,8.360378
4077.5562,12.682657
4078.4966,11.874769
4079.4348,9.100767
4080.3733,11.0397835
4081.3142,10.297666
4082.2532,8.052548
4083.1943,8.348032
4084.1338,8.896471
4085.0754,9.691813
4086.0154,7.5601473
4086.9553,8.748951
4087.8977,10.615262
4088.8381,11.247237
4089.781,9.986872
4090.722,6.238095
4091.6653,9.668681
4092.6064,9.400146
4093.548,9.762033
4094.492,6.063241
4095.4338,7.367089
4096.3784,7.419212
4097.321,5.3989663
4098.2656,7.531351
4099.2085,8.432108
4100.1514,3.4405708
4101.0967,3.25698
4102.04,3.255907
4102.9863,3.613354
4103.93,5.5012197
4104.8765,1.8322631
4105.821,4.999572
4106.7676,8.0886965
4107.7124,6.243251
4108.657,5.1069536
4109.6045,5.771699
4110.5503,6.565322
4111.498,11.230677
4112.444,9.476668
4113.392,9.366388
4114.3384,7.7465477
4115.285,9.578592
4116.234,5.8353443
4117.1807,7.8221884
4118.1304,8.472413
4119.0776,6.3921933
4120.0273,8.0948305
4120.975,8.496693
4121.9233,7.6014895
4122.874,9.979312
4123.8223,12.365262
4124.7734,10.872035
4125.722,11.575884
4126.6733,13.038225
4127.623,12.846966
4128.5723,11.482771
4129.5244,11.850105
4130.4746,12.033649
4131.427,9.790157
4132.3774,11.185915
4133.33,14.465605
4134.2812,10.463509
4135.2324,10.610942
4136.1855,11.477955
4137.137,12.078087
4138.0913,15.2504015
4139.0435,13.149863
4139.9976,10.726007
4140.95,11.26963
4141.903,8.336135
4142.858,11.39176
4143.811,9.341776
4144.7666,9.807854
4145.72,8.21091
4146.676,10.92219
4147.63,10.365354
4148.584,9.730587
4149.5405,12.606161
4150.495,15.658893
4151.4526,13.599777
4152.407,9.637594
4153.3647,10.531396
4154.3203,11.574555
4155.2764,8.541622
4156.2344,10.971806
4157.1904,11.621206
4158.149,8.543523
4159.1055,9.899594
4160.065,10.498418
4161.022,9.836296
4161.979,11.088826
4162.939,10.992193
4163.8965,10.472129
4164.8564,9.702134
4165.815,12.233035
4166.7754,12.29238
4167.734,9.952094
4168.693,6.302058
4169.654,9.340602
4170.6133,9.685415
4171.575,8.350162
4172.5347,10.4398
4173.4966,11.2060375
4174.457,10.954019
4175.4175,10.452151
4176.38,12.918692
4177.341,12.546241
4178.304,11.686991
4179.265,14.829239
4180.229,12.15976
4181.191,7.8691993
4182.155,9.107813
4183.117,10.5109415
4184.0796,8.244264
4185.0444,9.926586
4186.007,11.954342
4186.972,10.241794
4187.9355,7.025613
4188.9014,9.425434
4189.8647,12.798977
4190.8286,9.98043
4191.795,11.715724
4192.7593,10.957919
4193.726,8.810506
4194.691,12.409265
4195.658,13.008236
4196.6235,10.182043
4197.589,6.8088717
4198.557,9.627415
4199.523,7.7993736
4200.491,8.009976
4201.4575,8.890087
4202.4263,7.9633656
4203.393,8.734705
4204.36,10.774473
4205.3296,11.900447
4206.297,12.26259
4207.267,10.695926
4208.235,8.545204
4209.205,7.5227704
4210.174,7.061912
4211.142,11.224139
4212.1133,11.967095
4213.082,10.818826
4214.0537,11.111295
4215.023,10.330423
4215.995,7.876533
4216.965,9.3638
4217.935,12.651657
4218.9077,7.597416
4219.8784,10.194987
4220.8516,12.244379
4221.8223,11.766451
4222.796,10.607026
4223.7676,9.334714
4224.7393,11.523857
4225.7134,12.666321
4226.6855,10.050721
4227.66,9.497822
4228.633,11.210017
4229.608,8.283803
4230.5806,7.306946
4231.554,10.67228
4232.53,8.180051
4233.5034,9.644508
4234.48,8.14667
4235.454,6.568712
4236.4307,8.105282
4237.4053,8.716309
4238.38,7.738342
4239.3574,7.9359264
4240.3325,8.523846
4241.3105,8.249262
4242.286,8.951644
4243.264,8.66343
4244.2407,9.484536
4245.217,9.647151
4246.196,10.042398
4247.173,10.576378
4248.152,8.619136
4249.1294,10.842498
4250.1094,11.003813
4251.087,8.002013
4252.065,11.208509
4253.0454,7.596975
4254.024,10.464441
4255.005,10.05905
4255.9834,12.124358
4256.965,10.157038
4257.9443,13.396207
4258.9263,11.883014
4259.906,12.048318
4260.8857,12.198085
4261.8687,10.317495
4262.849,11.863659
4263.832,13.403034
4264.813,12.04468
4265.7964,12.010148
4266.778,9.622694
4267.7593,7.730015
4268.743,9.842467
4269.7256,12.106522
4270.71,8.997984
4271.6924,9.221443
4272.6772,9.756588
4273.6606,10.622559
4274.6436,12.240034
4275.6294,7.8162546
4276.613,9.630943
4277.5986,15.465093
4278.583,11.610766
4279.5693,10.874784
4280.554,11.14815
4281.5386,10.17805
4282.526,7.6905975
4283.511,8.620112
4284.499,10.002975
4285.485,9.498872
4286.473,9.181525
4287.459,10.203598
4288.4453,13.116301
4289.434,13.531067
4290.421,12.7362
4291.4106,9.5802765
4292.3975,10.9446335
4293.3877,11.399375
4294.375,13.944433
4295.3633,13.661965
4296.3535,11.59038
4297.342,10.446595
4298.333,9.911843
4299.322,10.687629
4300.313,11.298858
4301.3022,10.118247
4302.292,11.714969
4303.284,11.029022
4304.274,13.225122
4305.2666,13.0381155
4306.257,12.319774
4307.25,12.583458
4308.2407,10.852399
4309.232,9.500587
4310.2256,10.357126
4311.2173,11.266065
4312.2114,10.737114
4313.2036,7.886053
4314.198,11.383133
4315.1904,12.1863575
4316.183,12.702954
4317.1787,9.47677
4318.172,12.785949
4319.1675,11.131989
4320.161,9.714683
4321.157,10.633633
4322.1514,10.808009
4323.1455,10.366529
4324.1426,9.569742
4325.137,9.790241
4326.135,11.969237
4327.13,11.781377
4328.128,13.075426
4329.1235,13.237611
4330.119,12.453194
4331.1177,10.434652
4332.1143,8.194746
4333.1133,11.27708
4334.11,12.734902
4335.1094,10.999705
4336.107,11.333902
4337.1064,10.08706
4338.1045,10.999712
4339.1025,10.810148
4340.103,11.098188
4341.1016,10.283802
4342.1025,10.997463
4343.101,10.6150465
4344.103,10.464402
4345.102,9.706659
4346.1016,10.43424
4347.104,9.983803
4348.104,9.0394745
4349.1064,11.0205345
4350.107,11.066013
4351.1104,10.135426
4352.1113,13.109731
4353.1123,11.535749
4354.116,9.118199
4355.1177,8.939393
4356.122,10.547483
4357.1245,12.895643
4358.129,10.539562
4359.132,11.367667
4360.1343,13.775288
4361.14,10.01738
4362.143,8.5845995
4363.149,12.663455
4364.153,6.6500816
4365.159,9.984381
4366.1636,10.290433
4367.168,10.660292
4368.175,6.588904
4369.1797,8.8663845
4370.1875,10.557991
4371.193,11.929182
4372.2007,8.289692
4373.2065,9.411353
4374.2124,13.160809
4375.221,9.915553
4376.2275,11.678289
4377.237,11.903667
4378.2437,10.315831
4379.2534,9.120153
4380.2607,9.360371
4381.2686,11.1760025
4382.279,11.637764
4383.287,10.361352
4384.298,10.842146
4385.306,10.9288225
4386.3174,12.591379
4387.3267,14.594536
4388.336,13.407942
4389.348,11.192309
4390.358,8.527831
4391.37,9.7328415
4392.3804,8.165951
4393.393,7.2835693
4394.404,12.257274
4395.415,10.600241
4396.428,8.92325
4397.44,10.761159
4398.4536,11.343487
4399.466,10.522612
4400.48,12.129533
4401.4927,11.3907795
4402.505,7.747604
4403.5205,11.577009
4404.533,9.045788
4405.549,12.004864
4406.5625,9.783537
4407.5786,9.723352
4408.593,10.21297
4409.607,10.819807
4410.6235,11.275372
4411.638,11.629255
4412.656,10.429693
4413.671,7.746792
4414.6885,9.529216
4415.704,12.817868
4416.722,10.398325
4417.7383,11.361917
4418.755,10.486157
4419.7734,10.461131
4420.7905,8.950953
4421.81,9.068843
4422.827,12.182506
4423.847,8.828643
4424.8647,7.4391975
4425.883,11.341894
4426.9033,11.73584
4427.9214,8.518009
4428.943,8.692724
4429.9614,11.446929
4430.983,12.546602
4432.0024,13.2153225
4433.022,8.271707
4434.0444,9.800944
4435.0645,7.3430004
4436.087,7.095899
4437.1074,9.8736315
4438.131,9.563749
4439.152,9.500481
4440.173,8.29289
4441.197,9.179954
4442.2183,11.015892
4443.2427,12.14716
4444.265,11.599091
4445.29,7.970318
4446.3125,9.453789
4447.3354,9.269125
4448.361,8.956335
4449.3843,9.363298
4450.41,10.078283
4451.434,9.670034
4452.4604,8.094794
4453.485,8.361315
4454.5093,6.981931
4455.5366,7.6111636
4456.5615,10.164604
4457.5894,10.098905
4458.6147,8.900584
4459.643,8.756248
4460.669,9.32459
4461.695,13.415923
4462.7236,12.204767
4463.7505,13.488285
4464.78,12.385822
4465.8066,11.020518
4466.837,7.8696985
4467.8647,11.243625
4468.8926,10.012173
4469.923,6.9809146
4470.951,9.478648
4471.9824,10.322055
4473.0107,8.351791
4474.0425,10.405438
4475.072,9.788946
4476.101,10.358798
4477.1333,7.599491
4478.163,6.052079
4479.196,7.7092495
4480.2266,8.46312
4481.2593,9.3075485
4482.2905,5.8275905
4483.322,6.655165
4484.3555,8.606233
4485.387,12.698713
4486.4214,13.2389555
4487.4536,9.30788
4488.4883,9.000253
4489.521,10.143943
4490.5537,9.799202
4491.5894,8.955622
4492.6226,7.234882
4493.658,8.232603
4494.6924,9.134874
4495.7285,10.658685
4496.7627,7.8676167
4497.8,9.99751
4498.8345,10.469301
4499.8696,10.218754
4500.907,10.6227455
4501.9424,11.231396
4502.9805,9.286256
4504.0166,8.481716
4505.055,12.623714
4506.092,10.293699
4507.1284,10.29231
4508.1675,11.200074
4509.2046,11.621547
4510.2446,9.573386
4511.282,12.542658
4512.3223,10.059981
4513.3604,10.020164
4514.399,9.121955
4515.4395,8.847403
4516.4785,10.692249
4517.52,10.019333
4518.559,8.192702
4519.601,11.085582
4520.641,12.912746
4521.6807,8.766062
4522.7236,11.141801
4523.764,11.41893
4524.807,12.437693
4525.848,12.462843
4526.8916,9.78686
4527.933,8.719767
4528.9746,9.063035
4530.019,8.439331
4531.0615,10.868676
4532.106,10.053885
4533.149,9.005211
4534.1943,10.354844
4535.2373,11.517305
4536.2803,10.706863
4537.3267,8.747888
4538.37,11.943183
4539.417,12.204834
4540.4614,10.624535
4541.5083,11.462731
4542.5527,9.825029
4543.598,11.30383
4544.6455,10.862392
4545.6914,11.521791
4546.7393,6.8494473
4547.7856,11.03372
4548.834,12.526186
4549.8804,9.3896055
4550.9272,9.959397
4551.9766,10.645493
4553.024,9.123471
4554.0737,9.71432
4555.1216,11.920673
4556.172,9.987178
4557.22,10.908349
4558.2686,10.035789
4559.3193,8.993241
4560.368,12.362516
4561.42,8.949416
4562.469,8.127829
4563.5215,10.369154
4564.5713,10.9555855
4565.621,9.401315
4566.6743,9.302182
4567.7246,12.361105
4568.778,12.217103
4569.829,9.625301
4570.883,10.066417
4571.9346,8.187837
4572.989,12.565212
4574.0405,9.496422
4575.093,9.779018
4576.148,10.762378
4577.2007,10.5799265
4578.2563,8.238386
4579.3096,8.523745
4580.365,14.503275
4581.419,13.808372
4582.473,10.248427
4583.53,10.665214
4584.584,11.543776
4585.641,11.796115
4586.6963,11.9135895
4587.754,10.672181
4588.8096,11.114552
4589.865,11.236334
4590.9233,11.652021
4591.9795,11.821798
4593.0386,10.128319
4594.095,8.175554
4595.1543,9.442956
4596.2114,11.192321
4597.269,11.98804
4598.329,12.930187
4599.3867,12.055415
4600.4473,11.598475
4601.506,11.932825
4602.567,12.075304
4603.626,10.900355
4604.6846,10.0821295
4605.7466,10.748054
4606.806,10.025076
4607.8687,10.30037
4608.9287,9.719968
4609.991,8.755644
4611.052,11.666484
4612.113,9.953165
4613.1763,10.651813
4614.2373,13.469198
4615.3013,13.633338
4616.3633,12.195834
4617.4277,12.993188
4618.4897,9.978552
4619.5522,9.368029
4620.6177,11.644962
4621.6807,12.120934
4622.7466,12.619925
4623.81,11.864532
4624.876,9.719254
4625.94,11.439736
4627.0044,11.265928
4628.0713,12.968894
4629.1357,12.567297
4630.2036,13.044046
4631.2686,10.391247
4632.3364,9.608722
4633.4023,11.8699465
4634.4683,9.871984
4635.5366,12.99838
4636.603,11.8122015
4637.6724,10.576412
4638.7393,12.676312
4639.809,13.603603
4640.8765,12.524627
4641.944,11.198647
4643.014,10.148955
4644.0825,10.06195
4645.1533,10.018366
4646.222,10.66963
4647.2935,13.610319
4648.3623,11.675479
4649.4316,11.63613
4650.504,10.344436
4651.5737,12.269473
4652.6465,10.190164
4653.717,7.7676105
4654.79,12.959764
4655.861,14.162116
4656.9346,11.302251
4658.006,9.771039
4659.077,9.45596
4660.152,10.9825735
4661.2236,14.095675
4662.299,13.351108
4663.371,10.899382
4664.447,12.844642
4665.5195,10.644641
4666.593,9.6301155
4667.669,11.3105545
4668.7427,10.932686
4669.8193,11.325607
4670.8936,11.203004
4671.9707,10.448687
4673.0454,11.225591
4674.12,12.589331
4675.198,11.389746
4676.274,12.821038
4677.352,10.235278
4678.428,8.790019
4679.507,10.001707
4680.5835,8.968535
4681.66,8.320909
4682.7397,10.204117
4683.817,11.193593
4684.897,11.323887
4685.9746,12.188254
4687.055,10.868572
4688.134,8.738891
4689.212,12.090403
4690.2935,9.094993
4691.3726,11.4063425
4692.454,12.565515
4693.5337,13.550577
4694.616,11.876642
4695.6963,9.649422
4696.7764,11.581932
4697.8594,11.09827
4698.94,12.312848
4700.024,11.624444
4701.105,9.887039
4702.189,9.114688
4703.2705,9.789553
4704.3525,11.007731
4705.4375,11.626003
4706.52,11.707053
4707.6055,9.190583
4708.6885,9.683298
4709.774,12.839251
4710.8574,10.168637
4711.9414,10.814551
4713.028,9.580836
4714.1123,11.677572
4715.199,10.745643
4716.2837,13.631287
4717.3716,12.027798
4718.4565,11.446902
4719.542,10.818025
4720.6304,11.185745
4721.7163,13.36472
4722.805,12.393877
4723.8916,11.124428
4724.981,11.811774
4726.068,12.582188
4727.1553,11.696352
4728.245,9.953507
4729.333,11.516819
4730.424,12.933512
4731.5117,9.910885
4732.603,13.239413
4733.692,11.769838
4734.781,9.090794
4735.8726,12.318787
4736.962,8.195428
4738.054,10.137468
4739.144,10.432556
4740.2373,10.772585
4741.3276,11.6956835
4742.421,9.850574
4743.5117,13.83243
4744.603,14.005127
4745.6973,12.190668
4746.789,12.27643
4747.884,12.111079
4748.9756,10.78864
4750.071,11.569284
4751.1636,12.480265
4752.257,10.389221
4753.3525,10.800099
4754.446,12.449209
4755.5425,12.464269
4756.636,11.615065
4757.7334,10.236367
4758.8276,12.95099
4759.9224,10.319757
4761.02,13.455021
4762.115,10.77976
4763.2134,15.588606
4764.3096,12.618418
4765.408,12.318815
4766.5044,10.817064
4767.6006,11.379536
4768.7,10.949753
4769.7974,11.636432
4770.897,12.97816
4771.9946,12.699354
4773.095,11.67259
4774.1934,9.85591
4775.2915,10.023193
4776.3926,11.085199
4777.491,10.338015
4778.5933,11.476892
4779.6924,10.85837
4780.7944,10.747321
4781.8945,12.406752
4782.9946,11.843889
4784.097,13.096754
4785.1978,10.414344
4786.3013,12.13659
4787.4023,12.444407
4788.5063,12.350257
4789.608,11.077704
4790.71,14.059166
4791.8145,10.069472
4792.917,12.426196
4794.0225,12.284566
4795.125,12.1438465
4796.231,11.846244
4797.334,11.758121
4798.438,10.733208
4799.5444,10.743574
4800.6484,12.989191
4801.7554,11.751681
4802.8604,10.425995
4803.968,12.254885
4805.0728,12.168407
4806.178,13.015888
4807.2866,9.669234
4808.3926,8.590936
4809.501,10.533383
4810.6074,11.080853
4811.717,11.146409
4812.8237,9.412494
4813.931,12.305944
4815.041,12.5443
4816.149,12.335115
4817.2593,11.358255
4818.3677,11.526624
4819.4785,9.724903
4820.5874,12.083887
4821.6963,11.691218
4822.808,10.736297
4823.918,11.393545
4825.0303,11.166423
4826.14,12.230864
4827.253,12.244324
4828.364,12.419464
4829.477,12.383855
4830.588,11.8581295
4831.699,12.1909685
4832.8135,11.677479
4833.9253,10.865223
4835.04,11.509474
4836.1523,13.089528
4837.2676,11.121506
4838.3804,13.476675
4839.493,9.962762
4840.6094,11.948879
4841.7227,13.269296
4842.8394,13.67289
4843.9536,14.233791
4845.0703,16.902275
4846.185,10.25909
4847.3,13.294087
4848.4175,12.340374
4849.533,11.948942
4850.6514,11.510598
4851.767,12.677391
4852.886,12.624456
4854.0024,12.766856
4855.119,11.391068
4856.239,8.948745
4857.356,11.177485
4858.476,11.995752
4859.5938,11.084379
4860.7144,11.061131
4861.8325,10.696139
4862.9507,11.652057
4864.0723,13.136536
4865.1914,13.238039
4866.313,11.108465
4867.4326,11.715313
4868.555,13.871627
4869.675,7.7505302
4870.7954,11.7858
4871.9185,12.13863
4873.0396,11.254201
4874.163,12.917844
4875.284,11.568592
4876.4087,11.2661085
4877.5303,10.327683
4878.6523,12.251704
4879.7773,13.534798
4880.9,14.04936
4882.0254,11.767703
4883.1484,14.369061
4884.275,12.527296
4885.3984,12.765462
4886.5225,9.924775
4887.649,10.961883
4888.7734,10.26007
4889.901,9.094538
4891.026,11.439789
4892.1533,12.0816965
4893.279,11.649385
4894.405,10.747814
4895.533,10.326504
4896.6597,10.610145
4897.7886,11.231693
4898.9155,11.691077
4900.045,9.936135
4901.1724,10.148192
4902.3,10.9089985
4903.43,12.220645
4904.558,12.64652
4905.6895,11.647638
4906.818,11.221106
4907.949,11.717333
4909.0786,10.802505
4910.208,12.498771
4911.34,12.327259
4912.4697,10.621259
4913.6025,10.350988
4914.733,10.9689045
4915.866,11.4838505
4916.997,10.32578
4918.1313,10.638145
4919.2627,10.272852
4920.394,10.905477
4921.529,12.610876
4922.661,11.525412
4923.7964,10.117458
4924.9287,9.052996
4926.0645,9.080355
4927.1978,12.102194
4928.3315,11.658211
4929.468,9.686202
4930.6016,11.188983
4931.739,12.929392
4932.8735,11.970674
4934.0107,12.431425
4935.146,11.826149
4936.2812,10.691916
4937.4194,11.353118
4938.555,11.117423
4939.6943,11.793124
4940.8306,11.17787
4941.9697,9.974341
4943.107,9.653904
4944.244,11.085153
4945.3843,11.022543
4946.522,11.126321
4947.6626,10.216782
4948.801,9.172242
4949.942,10.495917
4951.0806,12.516086
4952.2197,11.805637
4953.3613,11.0721035
4954.501,10.917287
4955.6436,11.323301
4956.7837,12.991833
4957.927,11.759618
4959.067,10.645427
4960.208,11.654891
4961.3516,12.130737
4962.493,10.795882
4963.637,11.445578
4964.7793,9.972065
4965.9243,10.154145
4967.0664,11.89846
4968.2095,12.4779625
4969.355,11.627629
4970.498,12.886334
4971.6445,10.794936
4972.788,10.280833
4973.9346,12.772884
4975.079,12.591851
4976.2236,12.166405
4977.371,9.642585
4978.516,11.567764
4979.664,13.251803
4980.8096,9.95993
4981.958,10.101569
4983.1045,10.300966
4984.2505,10.06712
4985.4,12.591853
4986.547,11.590193
4987.697,10.006042
4988.844,11.177737
4989.9946,11.734725
4991.1426,10.1815605
4992.2905,11.392273
4993.442,10.985575
4994.591,12.828051
4995.7427,12.500139
4996.8916,10.371051
4998.044,9.205417
4999.194,10.425093
5000.3438,10.7812805
5001.497,10.593258
5002.6475,11.08177
5003.8013,10.4347105
5004.952,12.18194
5006.1064,9.758687
5007.258,10.529734
5008.4126,11.273553
5009.565,11.446553
5010.7173,10.947069
5011.8726,9.913516
5013.026,11.9338875
5014.1816,9.601684
5015.3354,12.180628
5016.4917,11.945795
5017.646,9.96424
5018.8003,9.951762
5019.9575,7.4290457
5021.1123,8.583085
5022.27,9.545537
5023.4253,16.62312
5024.584,18.099955
5025.7397,17.649315
5026.896,11.319875
5028.055,7.1695333
5029.212,9.210665
5030.3716,8.869649
5031.529,10.140187
5032.689,10.31466
5033.8467,8.712623
5035.005,8.965484
5036.166,8.789761
5037.324,8.746911
5038.486,11.732579
5039.645,10.448201
5040.807,9.477109
5041.967,9.3182125
5043.127,9.420397
5044.2896,10.697083
5045.45,10.644056
5046.614,10.739326
5047.7744,9.3836
5048.9385,10.274154
5050.1,10.565018
5051.2617,10.70936
5052.427,10.320621
5053.589,10.169657
5054.7544,10.907696
5055.917,10.602475
5057.083,11.787094
5058.2466,11.533395
5059.41,11.985729
5060.5767,12.419797
5061.7407,12.478395
5062.908,10.917045
5064.0728,12.177252
5065.2407,10.111619
5066.406,10.030248
5067.5713,9.620871
5068.7397,10.621414
5069.9062,8.7483635
5071.075,13.075995
5072.2417,9.691264
5073.4116,9.954382
5074.5786,10.239449
5075.746,11.203041
5076.9165,9.971679
5078.0845,10.716014
5079.2554,11.245806
5080.424,11.319811
5081.595,11.483054
5082.764,11.573699
5083.9336,12.714871
5085.106,10.932177
5086.276,9.945431
5087.4487,9.175625
5088.619,10.715532
5089.7925,10.800929
5090.9634,9.757333
5092.1343,13.584109
5093.3086,12.121073
5094.4805,12.322427
5095.6553,11.362495
5096.8276,9.140374
5098.003,14.696528
5099.176,11.002046
5100.3516,11.293514
5101.525,10.3005085
5102.698,10.287746
5103.875,12.286363
5105.0493,9.714865
5106.2266,14.205791
5107.401,10.313527
5108.5786,11.141928
5109.754,13.453386
5110.9297,10.673894
5112.108,13.032635
5113.284,11.163666
5114.4634,9.312216
5115.6396,10.660741
5116.8193,10.644344
5117.9966,12.41613
5119.174,9.881252
5120.3545,11.347716
5121.532,10.624425
5122.7134,11.125822
5123.892,11.435413
5125.073,12.669105
5126.2524,12.934038
5127.4316,11.6518
5128.6143,9.732167
5129.794,11.150186
5130.977,11.597146
5132.157,9.316722
5133.341,10.675322
5134.5215,11.034699
5135.7026,10.732697
5136.887,9.709085
5138.069,11.351626
5139.2534,11.992051
5140.436,11.687315
5141.621,11.727032
5142.804,12.355484
5143.9873,9.291859
5145.1733,10.280036
5146.357,10.582467
5147.544,12.56204
5148.728,14.7775345
5149.915,9.368791
5151.1,10.800525
5152.285,12.091695
5153.473,10.162255
5154.6587,12.200108
5155.847,11.243939
5157.033,9.260399
5158.2227,10.546468
5159.409,10.514282
5160.596,9.617798
5161.786,10.559792
5162.9736,11.417824
5164.164,10.585017
5165.352,9.331646
5166.5435,10.7680645
5167.732,11.959836
5168.921,11.390114
5170.113,10.363364
5171.3022,11.5484495
5172.4946,12.510601
5173.6846,14.259198
5174.8774,17.649128
5176.068,17.108685
5177.259,14.536106
5178.4526,10.800508
5179.644,10.134857
5180.8384,11.669441
5182.0303,9.972319
5183.225,10.332106
5184.4175,9.268175
5185.6104,9.098428
5186.806,9.820647
5187.999,8.855511
5189.1953,10.115943
5190.389,9.395006
5191.586,10.1650095
5192.7803,10.339926
5193.978,8.3434925
5195.173,9.436496
5196.368,11.342125
5197.5664,11.856434
5198.7617,12.370367
5199.961,10.613975
5201.157,12.615626
5202.3564,11.888062
5203.553,9.227999
5204.75,10.968213
5205.95,10.612198
5207.148,11.255664
5208.3486,10.949901
5209.547,9.248755
5210.748,9.779027
5211.9473,9.263101
5213.146,11.369239
5214.348,10.778355
5215.548,11.577225
5216.7505,11.931747
5217.9507,11.7674675
5219.154,11.368115
5220.3545,10.749434
5221.555,9.16117
5222.7593,10.29598
5223.961,11.430656
5225.1655,11.565831
5226.3677,11.0042305
5227.5728,11.56825
5228.7754,10.383075
5229.978,10.270787
5231.184,11.445833
5232.3877,12.121551
5233.594,11.304943
5234.7983,11.315636
5236.0054,11.87932
5237.21,9.537483
5238.4146,9.570707
5239.6226,12.003822
5240.828,10.631047
5242.0366,11.2104025
5243.2427,10.696882
5244.4517,12.122901
5245.658,11.669012
5246.8647,8.457176
5248.0747,11.031365
5249.282,10.55734
5250.4927,10.681298
5251.7,8.628635
5252.9116,9.853296
5254.1196,9.81935
5255.3286,9.383607
5256.5405,10.683224
5257.7495,10.422837
5258.962,10.79004
5260.172,11.927682
5261.385,11.634697
5262.595,10.400438
5263.806,10.983425
5265.02,10.272481
5266.231,11.171778
5267.4453,11.217978
5268.657,10.942158
5269.872,12.587503
5271.0845,11.671621
5272.297,11.77433
5273.5127,9.736174
5274.726,10.378951
5275.9424,11.057916
5277.1562,17.758833
5278.373,8.991202
5279.5874,10.274862
5280.8047,9.376012
5282.0195,8.378433
5283.235,11.689447
5284.453,9.801254
5285.6685,11.217141
5286.8877,12.085224
5288.1035,10.689936
5289.323,10.012621
5290.54,11.208832
5291.757,11.399386
5292.9775,9.010534
5294.195,10.154333
5295.4155,9.212349
5296.634,8.931041
5297.8555,8.968348
5299.074,10.741666
5300.293,10.881176
5301.5156,10.857071
5302.735,9.295181
5303.958,10.147331
5305.178,10.025125
5306.4014,11.343442
5307.622,11.213652
5308.8433,9.325134
5310.0674,10.853587
5311.289,10.017001
5312.514,9.994721
5313.7363,10.429134
5314.9614,10.266525
5316.184,10.918552
5317.407,11.322581
5318.6333,11.032125
5319.857,10.918295
5321.0835,10.106034
5322.3076,9.9470625
5323.535,10.421836
5324.76,11.296136
5325.985,10.626301
5327.213,10.28856
5328.4385,11.706564
5329.667,11.291427
5330.893,11.658721
5332.1226,10.549
5333.349,10.154558
5334.576,10.314943
5335.806,10.463354
5337.0337,10.951441
5338.264,11.380683
5339.4927,11.695678
5340.7236,9.2662735
5341.952,8.820678
5343.181,9.595895
5344.4136,10.718894
5345.643,8.871543
5346.8755,7.9546685
5348.1055,9.100206
5349.339,11.325821
5350.5693,8.807457
5351.8003,9.15309
5353.0347,10.044174
5354.266,9.998519
5355.5005,11.632047
5356.7324,9.598317
5357.968,8.706967
5359.2007,10.031988
5360.4336,10.878602
5361.6694,10.315929
5362.903,10.812366
5364.1396,11.309457
5365.3735,10.417262
5366.611,10.061008
5367.845,9.788742
5369.08,8.590969
5370.3184,8.546845
5371.5537,8.674925
5372.7925,10.8952
5374.0283,9.989229
5375.2676,9.651074
5376.5044,10.4677305
5377.744,10.003141
5378.9814,10.5725155
5380.2188,9.429737
5381.4595,9.747315
5382.6973,8.8619375
5383.9385,11.128071
5385.1772,10.796262
5386.419,8.964498
5387.658,9.981839
5388.8975,10.501218
5390.14,10.554028
5391.3804,10.219122
5392.6235,9.762708
5393.864,10.839787
5395.108,11.004997
5396.349,11.446006
5397.5903,10.462771
5398.835,10.295986
5400.077,9.220544
5401.3223,9.979329
5402.565,8.872876
5403.8105,10.638338
5405.0537,11.304653
5406.2974,8.947483
5407.544,10.216946
5408.788,9.855272
5410.035,9.335891
5411.28,10.491267
5412.5273,12.734848
5413.7725,12.843083
5415.018,10.24482
5416.2666,9.927467
5417.5127,9.910053
5418.762,9.688554
5420.009,9.097158
5421.2583,11.079693
5422.506,11.726689
5423.753,11.019586
5425.004,11.768728
5426.252,11.323407
5427.503,9.936965
5428.7515,10.893091
5430.0034,11.45719
5431.253,9.448454
5432.502,10.04234
5433.755,12.381297
5435.005,11.342267
5436.2583,10.290717
5437.509,12.854245
5438.7627,9.443457
5440.0137,9.608501
5441.265,10.740284
5442.52,12.759888
5443.772,7.865536
5445.0273,9.189056
5446.2803,8.583706
5447.536,10.073415
5448.789,11.139597
5450.0425,11.869333
5451.2993,9.394511
5452.5537,12.158868
5453.811,10.035564
5455.0654,11.942645
5456.323,11.400577
5457.5786,12.622079
5458.834,11.302858
5460.093,9.241904
5461.349,10.990194
5462.6084,12.654046
5463.865,12.602721
5465.125,10.381047
5466.3823,11.52425
5467.6396,11.781242
5468.9004,11.752146
5470.1587,13.10798
5471.42,10.724725
5472.6787,9.990786
5473.941,11.539858
5475.2,10.404105
5476.463,11.383165
5477.7227,11.702633
5478.983,10.433011
5480.246,10.62747
5481.507,10.968055
5482.771,12.75962
5484.032,11.524123
5485.297,12.38024
5486.5586,10.582589
5487.821,11.398587
5489.0864,11.831714
5490.349,13.003092
5491.615,9.806991
5492.8784,12.091719
5494.145,10.511427
5495.409,12.260174
5496.6733,11.277061
5497.941,10.365314
5499.2056,11.155286
5500.4736,10.295015
5501.7393,11.294383
5503.008,11.10256
5504.274,10.307775
5505.54,11.432853
5506.8096,11.071069
5508.076,10.215531
5509.3467,9.661509
5510.614,10.478135
5511.885,10.627169
5513.153,10.946369
5514.421,12.594598
5515.6924,8.797725
5516.9614,9.501731
5518.2334,10.076545
5519.503,11.571307
5520.776,10.950735
5522.046,10.165861
5523.3164,12.617974
5524.59,11.115752
5525.861,11.171307
5527.1353,11.902024
5528.4067,11.538161
5529.6816,11.845573
5530.9536,11.732229
5532.226,11.030527
5533.5015,10.876491
5534.7744,11.146941
5536.051,12.013127
5537.3247,11.606732
5538.6016,11.424364
5539.8755,10.765534
5541.15,11.027628
5542.4277,12.6140585
5543.7026,11.889377
5544.981,9.59241
5546.257,11.394163
5547.5356,11.724598
5548.812,10.671481
5550.0884,10.288007
5551.368,9.813316
5552.645,11.280849
5553.926,10.855307
5555.203,11.990388
5556.4844,12.670756
5557.7627,12.051322
5559.041,12.716239
5560.323,13.080382
5561.602,10.582542
5562.885,9.795927
5564.1646,10.948086
5565.4478,11.288568
5566.728,10.144646
5568.0083,11.239189
5569.2925,11.813559
5570.5737,9.627627
5571.8584,11.45043
5573.14,11.310896
5574.4253,9.27717
5575.7075,14.0505295
5576.993,7.319542
5578.2764,13.778543
5579.5596,15.644047
5580.846,3.952024
5582.13,10.865022
5583.4175,9.888129
5584.7017,9.204406
5585.9897,9.954066
5587.2744,11.007821
5588.56,11.511278
5589.8486,10.188764
5591.135,8.922077
5592.424,10.682932
5593.7104,10.547865
5595.0005,9.956033
5596.2876,11.010333
5597.5747,9.458347
5598.8657,11.338757
5600.154,11.991511
5601.445,10.950572
5602.734,11.506462
5604.0254,12.574721
5605.315,12.824499
5606.6045,10.674088
5607.897,10.759845
5609.1875,10.683192
5610.481,11.057372
5611.7715,11.894685
5613.0654,11.465359
5614.357,10.828138
5615.6484,10.409184
5616.9434,11.007511
5618.2354,10.4617815
5619.5312,11.744094
5620.8237,10.644295
5622.12,10.955533
5623.413,11.182919
5624.707,9.68007
5626.004,11.691895
5627.2983,12.043996
5628.5957,10.394234
5629.8906,10.014248
5631.189,9.504418
5632.4844,10.6644945
5633.7803,12.290295
5635.079,11.9254875
5636.3755,11.608618
5637.6753,10.076063
5638.972,10.114089
5640.2725,10.197075
5641.5703,11.625955
5642.868,10.8947
5644.1694,12.175357
5645.468,10.538637
5646.7695,9.991288
5648.0684,10.519876
5649.371,10.930602
5650.6704,12.180688
5651.9707,10.57742
5653.274,11.298277
5654.574,12.151295
5655.8784,10.9045515
5657.1797,9.885935
5658.484,9.753658
5659.7856,10.4704075
5661.088,10.562829
5662.393,11.064611
5663.696,10.406984
5665.002,11.59155
5666.305,11.892282
5667.612,11.082861
5668.9155,11.040982
5670.2197,11.867288
5671.5273,9.38333
5672.832,11.0974455
5674.14,8.180917
5675.4453,11.234892
5676.7544,10.00752
5678.06,11.030875
5679.3696,10.694096
5680.676,11.140528
5681.983,11.365745
5683.293,11.946605
5684.6006,11.43918
5685.911,12.298416
5687.219,11.0989065
5688.531,9.940486
5689.8394,12.847743
5691.1484,10.8080225
5692.461,11.013713
5693.7705,11.130896
5695.0835,10.354159
5696.3936,12.319092
5697.707,12.4475155
5699.0176,8.822806
5700.3286,10.619407
5701.643,11.425196
5702.955,10.0806055
5704.27,9.684835
5705.5825,10.217258
5706.898,10.114905
5708.211,11.602297
5709.524,9.772159
5710.841,11.174103
5712.1543,12.192585
5713.4717,9.878974
5714.786,11.348632
5716.104,10.223217
5717.419,10.98619
5718.734,11.4711075
5720.0527,11.638007
5721.3687,9.865016
5722.688,10.448092
5724.0044,10.806494
5725.3247,9.802137
5726.6416,11.396994
5727.959,11.447711
5729.28,11.027892
5730.5977,12.049855
5731.9194,11.810428
5733.238,9.84779
5734.56,13.249233
5735.8794,10.379516
5737.1987,10.710942
5738.522,12.985768
5739.842,11.782415
5741.1655,11.888305
5742.4863,11.04951
5743.8105,10.985116
5745.132,9.01421
5746.4536,11.866856
5747.779,12.478506
5749.101,10.438849
5750.427,11.357463
5751.7495,12.918768
5753.0757,9.730176
5754.3994,10.162593
5755.723,13.457468
5757.0503,11.889417
5758.3745,10.578835
5759.7026,10.559668
5761.028,8.826152
5762.356,11.135367
5763.6816,11.820827
5765.008,12.670069
5766.337,11.963548
5767.6636,9.752921
5768.9937,11.429353
5770.321,11.323133
5771.6514,10.847762
5772.979,9.264054
5774.307,11.492244
5775.6387,9.870634
5776.9673,10.256262
5778.3,9.430253
5779.629,10.752696
5780.9614,10.634864
5782.2915,12.037964
5783.625,11.993206
5784.9556,10.043076
5786.286,11.885543
5787.6206,10.582872
5788.952,10.329783
5790.287,10.797714
5791.619,10.747476
5792.9546,10.224824
5794.287,10.90713
5795.62,12.566861
5796.9565,11.412851
5798.29,11.885116
5799.627,11.136536
5800.9614,11.536978
5802.299,12.624076
5803.634,10.491861
5804.9688,11.051422
5806.3076,11.368701
5807.643,10.435289
5808.9824,10.757942
5810.319,11.520049
5811.6587,10.536603
5812.9956,11.55932
5814.333,10.510186
5815.674,10.52743
5817.0117,10.680227
5818.353,10.394849
5819.6914,10.343128
5821.0337,11.241723
5822.3726,12.772409
5823.712,11.920678
5825.055,9.709081
5826.395,10.147687
5827.739,10.018993
5829.079,11.962858
5830.4233,10.430897
5831.7646,11.159306
5833.1064,11.295994
5834.451,11.730685
5835.7935,12.139843
5837.139,12.144867
5838.482,11.384478
5839.8286,10.507002
5841.172,10.582664
5842.5156,11.336815
5843.863,11.664147
5845.2075,12.183947
5846.555,9.378734
5847.9004,9.690252
5849.2485,11.044897
5850.594,11.42833
5851.9404,9.1896925
5853.2896,10.656101
5854.636,11.976704
5855.9863,11.214295
5857.3335,11.429351
5858.684,10.151297
5860.0317,10.304697
5861.38,11.785578
5862.7314,11.354122
5864.0806,10.679211
5865.4326,11.382992
5866.7817,9.88278
5868.135,10.371806
5869.485,9.380485
5870.835,9.485507
5872.189,11.640281
5873.5396,11.2849045
5874.894,10.709559
5876.2456,10.268294
5877.6006,10.675774
5878.9526,11.55371
5880.305,10.99973
5881.661,11.378258
5883.014,10.67014
5884.371,11.421703
5885.7246,10.736336
5887.082,11.208717
5888.436,12.442002
5889.794,10.739729
5891.149,14.96551
5892.5044,12.292031
5893.863,9.480371
5895.2188,9.871554
5896.578,12.623261
5897.935,12.032412
5899.295,9.842858
5900.652,12.6404915
5902.0093,11.35209
5903.3706,9.878199
5904.7285,12.528673
5906.0903,11.736959
5907.4487,10.879535
5908.811,10.929164
5910.1704,10.765934
5911.53,12.236498
5912.893,10.938373
5914.2534,11.828778
5915.617,11.9399185
5916.978,12.774845
5918.343,12.360635
5919.704,10.97181
5921.066,11.786485
5922.431,12.143997
5923.794,10.4359455
5925.1597,11.921311
5926.523,11.835625
5927.8896,11.943783
5929.2534,12.597291
5930.617,11.606237
5931.985,10.322687
5933.3496,12.272121
5934.718,12.561382
5936.083,10.740276
5937.4517,10.135383
5938.818,11.114554
5940.184,12.244469
5941.5537,9.880069
5942.9204,11.32972
5944.291,11.530692
5945.658,11.128767
5947.0293,10.060762
5948.3975,10.592348
5949.766,9.297464
5951.138,11.176256
5952.507,12.101386
5953.88,9.643459
5955.2495,9.23929
5956.6226,8.954461
5957.993,9.55932
5959.364,10.239474
5960.738,12.879821
5962.109,13.190739
5963.484,10.244525
5964.856,10.7325735
5966.2314,11.793043
5967.604,11.944176
5968.9766,10.633923
5970.353,10.008307
5971.7266,10.568179
5973.1035,10.330011
5974.4775,10.261264
5975.8555,11.3656225
5977.23,11.608807
5978.6055,9.562567
5979.984,10.27565
5981.3594,10.67557
5982.739,10.4273815
5984.115,10.295122
5985.495,9.663824
5986.872,10.142781
5988.2495,11.307916
5989.6304,11.191016
5991.0083,11.022691
5992.3896,10.613142
5993.768,9.953671
5995.1504,9.54269
5996.5293,10.657613
5997.912,10.141209
5999.292,9.370004
6000.6724,10.826828
6002.056,10.925469
6003.4365,10.773997
6004.8213,10.334007
6006.2026,9.935027
6007.5874,10.84633
6008.9697,10.120255
6010.352,10.527025
6011.738,11.263545
6013.121,11.882817
6014.5073,11.098668
6015.891,9.877364
6017.2783,11.14517
6018.6626,11.514416
6020.0474,10.734746
6021.4355,10.754599
6022.821,10.75259
6024.2095,10.660995
6025.595,11.087191
6026.985,10.729107
6028.3716,10.29241
6029.7583,11.026298
6031.1484,12.53657
6032.536,10.579416
6033.9272,10.6032095
6035.3154,10.469455
6036.707,11.30708
6038.0957,10.887308
6039.485,10.9768715
6040.8774,11.213983
6042.267,10.185553
6043.6606,10.795288
6045.051,12.120424
6046.445,10.025463
6047.836,11.043579
6049.2275,9.907929
6050.6226,9.453285
6052.014,11.7863035
6053.4097,11.317587
6054.8022,10.972176
6056.1987,10.380851
6057.592,10.014905
6058.9854,10.682744
6060.383,10.552522
6061.777,10.16659
6063.175,11.947774
6064.5693,12.294025
6065.968,10.852285
6067.3633,11.125111
6068.7593,11.076347
6070.1587,12.452144
6071.555,10.806866
6072.955,11.753428
6074.352,11.4157
6075.753,10.7503805
6077.151,10.2293005
6078.549,9.318085
6079.95,9.448791
6081.349,10.310648
6082.7515,11.124266
6084.151,10.516323
6085.5537,10.9591875
6086.9536,10.622287
6088.354,9.067208
6089.758,9.896001
6091.1587,10.537565
6092.5635,10.096382
6093.9653,8.3178425
6095.3706,8.804146
6096.7725,10.26147
6098.1787,10.858913
6099.5815,11.4928465
6100.9844,10.5718355
6102.3916,11.026322
6103.7954,10.109981
6105.2026,10.136507
6106.6074,11.396334
6108.0156,10.274573
6109.4204,9.972147
6110.826,9.198994
6112.2354,10.453474
6113.641,10.3999605
6115.0513,10.705279
6116.458,11.793654
6117.868,11.459873
6119.276,11.164622
6120.6836,10.661687
6122.0947,11.23425
6123.5034,12.339508
6124.9155,10.831114
6126.324,10.19205
6127.7373,9.669219
6129.147,10.187829
6130.5566,10.067888
6131.9707,9.960701
6133.3813,11.211753
6134.7954,11.968139
6136.2065,11.583546
6137.6216,10.563464
6139.0337,10.086895
6140.446,12.05889
6141.862,10.808923
6143.275,10.273595
6144.6914,11.050085
6146.105,8.298748
6147.5225,11.325714
6148.9365,10.570185
6150.351,9.985502
6151.7695,10.167774
6153.1846,10.569178
6154.6035,10.889477
6156.0195,10.618176
6157.439,10.110137
6158.8555,10.762217
6160.2725,11.350355
6161.693,10.391809
6163.1104,10.348037
6164.5317,10.799728
6165.9497,9.945746
6167.3716,11.0796585
6168.7905,11.308447
6170.2095,10.69492
6171.6323,10.516208
6173.0522,10.668691
6174.4756,10.144119
6175.896,9.421077
6177.3203,10.026187
6178.741,10.905156
6180.1626,10.30931
6181.588,9.784163
6183.01,8.960235
6184.4355,10.687122
6185.8584,11.462404
6187.2847,9.924615
6188.708,11.6269245
6190.132,9.710736
6191.559,10.287188
6192.9834,10.769274
6194.4116,11.302778
6195.837,10.584138
6197.2656,9.507415
6198.6914,10.722552
6200.117,10.27333
6201.547,9.815519
6202.9736,10.28113
6204.404,9.55639
6205.831,10.549422
6207.262,11.726121
6208.6904,10.332172
6210.122,8.791737
6211.551,10.518677
6212.9795,10.948568
6214.412,10.50082
6215.842,10.21937
6217.2754,10.715355
6218.7056,11.777086
6220.1396,11.380032
6221.5703,10.071784
6223.002,10.183623
6224.437,11.305939
6225.8687,10.582805
6227.304,10.685651
6228.737,10.737077
6230.1733,11.564043
6231.6064,10.187299
6233.04,10.513486
6234.4775,10.76198
6235.9116,11.762308
6237.3496,11.381916
6238.7847,10.641662
6240.223,11.849105
6241.6587,11.558778
6243.0947,10.310898
6244.534,11.424823
6245.9707,11.295044
6247.411,9.634136
6248.848,11.550102
6250.2896,9.060761
6251.727,10.7475
6253.1655,10.192546
6254.6074,11.228846
6256.0464,9.414919
6257.489,10.409579
6258.928,11.416084
6260.3716,10.623307
6261.812,11.065809
6263.2524,10.660995
6264.697,9.654337
6266.1377,10.618787
6267.583,9.038303
6269.025,11.198721
6270.47,10.25207
6271.9126,11.13596
6273.3555,12.033348
6274.8022,10.036377
6276.2456,11.795931
6277.693,12.375311
6279.137,10.431638
6280.585,11.052314
6282.0303,11.435848
6283.475,10.232533
6284.9243,10.182019
6286.37,10.2929125
6287.82,10.789589
6289.266,10.868399
6290.7163,11.232669
6292.1636,10.963039
6293.6113,9.699214
6295.0625,10.824619
6296.5107,10.211542
6297.9624,10.053031
6299.411,10.270405
6300.864,11.131849
6302.3135,10.6059065
6303.763,10.975664
6305.217,10.245565
6306.6675,9.155751
6308.1216,10.024538
6309.5728,9.602447
6311.028,9.95393
6312.48,10.99206
6313.932,10.499833
6315.3877,11.138418
6316.841,10.351469
6318.2974,10.834804
6319.7505,10.891521
6321.208,10.149555
6322.662,11.397244
6324.12,10.63561
6325.575,9.770547
6327.0303,10.031276
6328.4893,9.912296
6329.9453,9.71938
6331.405,10.225895
6332.8613,10.863689
6334.322,11.015753
6335.779,10.070945
6337.2363,11.768284
6338.6978,10.27968
6340.156,11.184807
6341.618,10.415994
6343.0767,8.933982
6344.5396,10.558049
6345.999,10.179156
6347.459,10.395202
6348.923,10.166681
6350.3833,9.790738
6351.8477,10.857007
6353.309,10.993299
6354.774,10.528453
6356.236,11.210809
6357.698,10.977623
6359.164,10.567409
6360.627,9.617004
6362.0938,10.6618595
6363.5576,10.116239
6365.025,10.979733
6366.4893,10.4067335
6367.9536,10.6461935
6369.4224,9.157782
6370.887,10.758546
6372.3564,11.33286
6373.8228,9.676909
6375.2925,9.871317
6376.759,10.310692
6378.226,9.678102
6379.697,9.764178
6381.1646,10.193108
6382.6357,10.366366
6384.104,9.7477
6385.576,10.467576
6387.0454,10.796181
6388.5146,10.538749
6389.988,10.076647
6391.458,10.304083
6392.9316,9.836726
6394.4023,9.833477
6395.877,9.871772
6397.348,10.166743
6398.82,10.147985
6400.2954,10.03131
6401.768,9.948807
6403.244,9.91346
6404.7173,9.797003
6406.194,9.670511
6407.668,10.13919
6409.142,10.490419
6410.6196,10.809684
6412.0947,10.851239
6413.573,10.581024
6415.049,11.97913
6416.528,9.784621
6418.004,10.683714
6419.4805,10.331269
6420.961,10.981837
6422.438,10.30833
6423.919,9.651962
6425.397,9.321243
6426.8784,10.276645
6428.357,10.574826
6429.836,10.215006
6431.3184,10.142533
6432.798,10.095547
6434.2812,10.993058
6435.7617,10.073155
6437.2456,10.073805
6438.7266,10.541487
6440.2114,10.003551
6441.693,9.959799
6443.175,10.632803
6444.6606,10.767268
6446.143,9.991978
6447.6294,11.05485
6449.113,10.307724
6450.6,10.067355
6452.084,10.471522
6453.5684,10.2026615
6455.0566,9.672375
6456.5415,9.649351
6458.0303,9.808555
6459.516,9.983976
6461.0054,10.40854
6462.4917,10.749957
6463.9785,10.923078
6465.469,9.670857
6466.9565,9.287376
6468.4478,10.150607
6469.936,10.223396
6471.4277,9.726139
6472.9165,9.927617
6474.406,10.43818
6475.8984,10.080874
6477.388,10.394846
6478.882,10.748787
6480.3726,10.165551
6481.8667,9.897085
6483.358,10.873385
6484.8496,11.150681
6486.3447,10.07188
6487.837,10.05146
6489.333,10.145936
6490.826,9.190835
6492.3228,10.781159
6493.8164,10.272764
6495.31,10.493518
6496.808,10.477254
6498.3027,9.747206
6499.8013,11.253368
6501.2964,10.201343
6502.7954,9.944188
6504.2915,9.087303
6505.7876,10.395277
6507.288,9.521511
6508.785,9.677338
6510.286,11.919439
6511.7837,11.931791
6513.285,10.21609
6514.7837,9.671925
6516.282,10.157273
6517.785,10.158763
6519.284,9.800695
6520.7876,10.628706
6522.2876,9.568718
6523.792,9.526906
6525.2925,9.684293
6526.794,8.601095
6528.299,9.9302225
6529.801,10.44635
6531.306,10.140721
6532.809,9.911862
6534.3154,9.012765
6535.8184,10.916453
6537.3223,10.440913
6538.8296,11.058503
6540.334,10.71023
6541.8423,10.684428
6543.347,10.553263
6544.856,10.636165
6546.3613,11.227703
6547.8677,9.506516
6549.3774,9.042325
6550.8843,10.295137
6552.3945,10.364149
6553.902,10.310337
6555.4136,9.623855
6556.9214,10.380961
6558.4336,10.967847
6559.9424,10.034565
6561.451,9.805027
6562.9644,10.003452
6564.474,10.383606
6565.988,10.579393
6567.4985,10.049211
6569.0127,9.996958
6570.524,9.288037
6572.0356,8.961911
6573.5513,10.001105
6575.0635,9.963508
6576.5796,9.424012
6578.0923,9.883871
6579.6094,10.030377
6581.123,10.42435
6582.637,10.955093
6584.155,10.957686
6585.6694,10.774556
6587.188,10.540838
6588.7036,11.33879
6590.223,10.638166
6591.739,11.2442045
6593.2554,9.973145
6594.776,10.3426695
6596.293,10.690009
6597.814,11.249584
6599.332,10.496263
6600.8535,10.256627
6602.372,10.379851
6603.891,11.143517
6605.414,10.5381565
6606.9336,9.957594
6608.457,9.486062
6609.977,9.633941
6611.5015,10.512025
6613.0225,10.102009
6614.544,9.79241
6616.069,9.6084795
6617.5913,10.672701
6619.117,10.293106
6620.6396,10.325783
6622.1665,11.131761
6623.69,10.838173
6625.214,11.275538
6626.7417,10.705449
6628.266,10.759944
6629.7944,9.928531
6631.32,10.10814
6632.8486,10.553755
6634.3745,10.109596
6635.901,9.261321
6637.431,9.606932
6638.958,10.627397
6640.489,11.288545
6642.0166,10.939475
6643.5483,10.344515
6645.0767,9.638781
6646.6055,9.308911
6648.1377,9.832838
6649.6675,9.797671
6651.2007,10.423769
6652.731,10.617437
6654.265,10.520846
6655.796,10.223789
6657.3267,10.567465
6658.8623,10.850945
6660.394,9.580077
6661.9297,10.097296
6663.4624,10.774501
6664.999,10.297865
6666.532,11.013536
6668.066,10.6945
6669.6035,10.566827
6671.1377,9.641787
6672.6763,9.838493
6674.2114,10.518618
6675.7505,10.796987
6677.286,10.202841
6678.8257,9.7216015
6680.3623,10.239206
6681.899,10.555201
6683.44,10.498961
6684.9775,11.038393
6686.519,11.408728
6688.057,10.6209755
6689.5996,10.131637
6691.138,11.8636465
6692.6777,10.037642
6694.221,10.770852
6695.7607,9.61806
6697.305,10.240467
6698.8457,10.928314
6700.3906,10.932185
6701.9316,10.996574
6703.4736,9.944263
6705.0195,11.052735
6706.562,10.789216
6708.1084,10.21486
6709.6514,10.916451
6711.1987,9.624338
6712.7427,9.342211
6714.287,9.950494
6715.8354,9.013063
6717.3804,9.380174
6718.929,10.1296015
6720.475,10.933949
6722.025,11.034805
6723.5713,10.347209
6725.1177,11.008895
6726.6685,10.532434
6728.2163,11.567711
6729.7676,10.555271
6731.316,9.863558
6732.868,10.686948
6734.417,10.127304
6735.9663,10.8737
6737.5195,10.460279
6739.0693,9.275512
6740.6235,10.990511
6742.174,9.837115
6743.729,9.956306
6745.2803,10.724875
6746.832,10.008548
6748.3877,10.076844
6749.94,10.534903
6751.4966,9.6265745
6753.05,9.810885
6754.607,10.950025
6756.161,10.471091
6757.7153,11.176945
6759.2734,11.650191
6760.8286,11.000866
6762.3877,10.639718
6763.9434,10.507139
6765.503,11.494838
6767.0596,13.047228
6768.616,12.440423
6770.177,11.054524
6771.7344,10.512769
6773.296,9.39589
6774.854,10.566672
6776.4165,9.448894
6777.9756,9.909838
6779.5347,11.460994
6781.098,25.863918
6782.6577,45.013706
6784.222,40.86542
6785.7827,21.660872
6787.3477,11.960683
6788.9087,9.662312
6790.4707,9.824806
6792.0366,9.821062
6793.599,9.577006
6795.1655,10.522159
6796.729,10.67118
6798.2964,10.201701
6799.86,9.642835
6801.428,10.989645
6802.9927,15.893445
6804.5576,18.130781
6806.127,15.769758
6807.693,12.067057
6809.2627,10.362515
6810.829,10.489549
6812.3994,9.987711
6813.967,9.973544
6815.534,10.528716
6817.106,9.963269
6818.6743,9.749034
6820.2466,9.99623
6821.8154,10.169514
6823.3887,11.163205
6824.9585,9.756259
6826.5283,10.360385
6828.1025,9.897036
6829.6733,9.566816
6831.2485,10.342857
6832.82,9.896858
6834.3955,10.599892
6835.968,12.146492
6837.5405,10.2722645
6839.117,9.801566
6840.6904,9.979482
6842.2676,10.309737
6843.842,9.727976
6845.42,10.028998
6846.9946,10.81
6848.57,10.083059
6850.1494,9.850166
6851.725,9.572821
6853.305,10.555267
6854.882,10.565627
6856.4624,10.404991
6858.0396,9.838563
6859.617,9.3725605
6861.199,9.4606285
6862.778,9.175291
6864.3604,10.423824
6865.9395,11.028159
6867.5225,9.684875
6869.1025,9.848627
6870.6826,10.815711
6872.267,12.575411
6873.848,10.925105
6875.433,10.381425
6877.0146,9.893844
6878.6006,11.481526
6880.183,9.596113
6881.7656,9.918034
6883.3525,10.135259
6884.936,10.543843
6886.524,10.006657
6888.108,9.239281
6889.697,10.813347
6891.2817,9.318036
6892.8667,10.238173
6894.4565,9.6423
6896.0425,11.778666
6897.633,9.657276
6899.219,9.204055
6900.8105,9.504059
6902.398,10.970162
6903.986,10.135602
6905.5776,9.807209
6907.1665,10.170216
6908.7593,10.257172
6910.3486,10.109479
6911.942,9.94532
6913.532,11.047761
6915.1226,10.572583
6916.7173,9.624468
6918.3086,10.924435
6919.904,10.741019
6921.4956,9.787787
6923.092,11.179974
6924.6846,11.464928
6926.2812,10.056968
6927.8745,10.612401
6929.4683,11.481137
6931.0664,10.465016
6932.6606,9.684999
6934.2593,10.083028
6935.8545,10.270124
6937.454,9.356107
6939.05,12.170144
6940.6465,18.194155
6942.247,21.308498
6943.8438,17.702236
6945.4453,11.311483
6947.043,9.694658
6948.645,10.114414
6950.2437,11.356938
6951.8423,10.509232
6953.4453,9.544412
6955.045,14.125356
6956.649,17.558626
6958.249,14.688523
6959.854,12.07052
6961.455,10.530993
6963.056,9.320551
6964.662,10.191362
6966.264,9.11601
6967.8706,10.438926
6969.4736,9.988511
6971.0806,10.682101
6972.6846,10.701665
6974.2886,10.01675
6975.8965,10.345139
6977.5015,9.308345
6979.1104,10.519613
6980.716,10.164041
6982.3257,9.833098
6983.932,10.105517
6985.5386,10.334926
6987.1494,10.906997
6988.757,10.844231
6990.3687,10.580091
6991.9766,10.277341
6993.589,9.675005
6995.1978,9.819249
6996.807,10.021263
6998.4204,9.601424
7000.0303,9.743903
7001.6445,10.110377
7003.2554,9.850072
7004.87,9.544247
7006.482,10.496727
7008.0938,10.657182
7009.7095,9.768889
7011.3223,9.639791
7012.939,9.49055
7014.5522,10.053374
7016.17,10.242992
7017.784,10.236506
7019.3984,9.279282
7021.017,10.09188
7022.6323,10.762942
7024.2515,10.781312
7025.8677,9.43752
7027.488,9.630929
7029.1045,9.353291
7030.721,11.03501
7032.343,10.547133
7033.9604,10.158024
7035.5825,10.486781
7037.201,10.110819
7038.8237,10.417151
7040.443,8.876507
7042.0664,9.982624
7043.6865,9.615772
7045.307,10.460946
7046.9316,10.25517
7048.5527,10.054508
7050.178,9.718131
7051.8,9.731358
7053.4263,9.628702
7055.049,10.648496
7056.672,10.050827
7058.299,9.893401
7059.923,11.221547
7061.551,10.248429
7063.1753,10.4628935
7064.804,10.379677
7066.429,9.8668
7068.0547,10.7629595
7069.6846,10.469264
7071.311,9.835543
7072.942,9.617324
7074.569,9.807033
7076.2,10.85715
7077.828,10.065881
7079.4565,10.344685
7081.089,9.263413
7082.718,9.83719
7084.351,9.987062
7085.981,9.491786
7087.6147,10.347272
7089.2456,9.831821
7090.8765,9.883399
7092.511,9.777491
7094.143,9.483138
7095.779,10.197949
7097.411,9.637137
7099.048,9.712067
7100.681,9.801902
7102.3145,9.558463
7103.952,10.178916
7105.5864,9.88404
7107.225,10.040621
7108.8604,10.864255
7110.4995,10.81118
7112.1353,9.946713
7113.7715,10.575499
7115.4116,10.234936
7117.049,9.922155
7118.69,10.013153
7120.3276,10.398387
7121.969,10.917658
7123.608,11.012129
7125.2466,11.231161
7126.8896,9.486513
7128.5293,9.583518
7130.173,10.683971
7131.8135,11.102942
7133.458,9.044098
7135.099,9.91569
7136.74,10.223884
7138.386,10.720634
7140.0283,10.433503
7141.675,10.642325
7143.318,9.571821
7144.965,10.282002
7146.6084,9.977869
7148.2524,9.301856
7149.901,10.299202
7151.546,9.824549
7153.195,10.648114
7154.8403,10.169006
7156.49,9.584576
7158.1367,10.994526
7159.7837,9.054033
7161.4346,10.427055
7163.082,10.22675
7164.734,10.326941
7166.382,9.595931
7168.0347,10.372064
7169.6836,10.587055
7171.337,10.069827
7172.987,10.149814
7174.6367,10.646612
7176.2915,9.527094
7177.9424,9.099304
7179.597,9.079988
7181.249,10.281119
7182.905,10.471096
7184.5576,10.370017
7186.2104,9.90633
7187.867,9.36801
7189.521,9.717417
7191.1787,10.709823
7192.833,10.455735
7194.4917,9.500292
7196.147,9.751113
7197.8022,10.666858
7199.462,10.566581
7201.118,10.371715
7202.779,10.187858
7204.436,10.167989
7206.097,9.475881
7207.755,10.811303
7209.413,9.705754
7211.0757,9.41762
7212.7344,9.703856
7214.3975,9.535088
7216.057,8.747607
7217.721,9.426064
7219.382,9.616328
7221.0425,9.875657
7222.7075,10.143166
7224.369,10.023129
7226.035,10.336469
7227.6978,8.8443985
7229.3643,9.477739
7231.0273,9.75051
7232.691,10.5240135
7234.359,9.938783
7236.023,9.115891
7237.6914,10.496707
7239.3564,9.331347
7241.026,11.701754
7242.692,11.112817
7244.358,9.18674
7246.0283,11.5528145
7247.6953,11.014541
7249.3667,10.89155
7251.034,10.207066
7252.7065,9.603152
7254.375,9.04161
7256.044,9.612493
7257.717,9.993651
7259.3867,10.194238
7261.0605,10.612126
7262.731,9.468804
7264.406,9.477349
7266.077,10.515604
7267.7485,9.585909
7269.4243,10.417273
7271.0967,11.011303
7272.7734,10.971444
7274.447,9.663106
7276.124,8.407382
7277.798,9.986675
7279.472,9.877386
7281.151,9.434855
7282.8257,9.81792
7284.5054,9.562651
7286.181,9.646223
7287.8613,9.201898
7289.5376,9.875113
7291.215,9.890955
7292.896,9.892227
7294.5737,9.263385
7296.256,9.405629
7297.9346,11.126616
7299.617,8.571889
7301.2964,10.704684
7302.98,9.072694
7304.66,9.939024
7306.341,9.478654
7308.0254,9.663726
7309.7065,9.713175
7311.392,10.028756
7313.074,9.704143
7314.7607,10.119177
7316.4434,8.4296
7318.1265,10.000394
7319.814,10.94742
7321.498,9.242622
7323.1865,9.168881
7324.871,9.769275
7326.56,9.018535
7328.2456,8.002621
7329.931,11.486871
7331.6216,9.904467
7333.308,8.552105
7334.9995,10.244511
7336.6865,10.048678
7338.3784,10.191044
7340.067,9.473615
7341.7554,11.382312
7343.448,8.273071
7345.1377,9.701461
7346.8315,9.1334305
7348.5215,8.924682
7350.2163,9.205542
7351.907,9.946345
7353.598,9.082145
7355.294,9.541058
7356.9863,9.667914
7358.6826,10.33627
7360.3755,9.391093
7362.0728,8.517007
7363.7666,10.373521
7365.4604,10.573085
7367.1587,9.389938
7368.8535,8.173011
7370.5527,11.107593
7372.2485,8.757247
7373.9487,10.295108
7375.645,10.00475
7377.342,9.96735
7379.043,9.099133
7380.74,9.627526
7382.4424,9.767407
7384.1406,9.106236
7385.8433,8.026084
7387.5425,8.788336
7389.242,9.805453
7390.946,9.680889
7392.6465,9.173881
7394.351,10.287376
7396.0522,10.442572
7397.758,9.811033
7399.4595,9.365287
7401.1616,8.853653
7402.868,10.383273
7404.5713,8.533567
7406.279,8.441269
7407.983,9.394925
7409.691,9.187259
7411.3955,9.210622
7413.1006,9.751345
7414.81,8.814228
7416.5156,9.535804
7418.226,9.307591
7419.9326,9.853731
7421.6436,9.70957
7423.351,8.958437
7425.0586,9.270443
7426.771,9.230995
7428.4795,9.264514
7430.1924,9.566903
7431.902,9.643691
7433.615,9.576214
7435.3257,9.527382
7437.04,8.769724
7438.751,9.0608015
7440.4624,10.360303
7442.1777,9.571737
7443.89,8.867075
7445.6064,10.144162
7447.3193,9.468849
7449.0366,8.957818
7450.7505,8.708255
7452.4644,9.404286
7454.183,10.182993
7455.898,9.207294
7457.617,9.014017
7459.3325,9.563504
7461.0527,10.214533
7462.769,10.1082945
7464.486,8.513366
7466.2075,7.746451
7467.925,9.743787
7469.647,8.856686
7471.365,9.372214
7473.0884,9.054043
7474.8076,9.505548
7476.527,9.535823
7478.251,9.10783
7479.971,9.732496
7481.6963,9.858473
7483.4175,10.084901
7485.143,10.388116
7486.865,9.425098
7488.5874,10.607828
7490.3145,9.137628
7492.0376,9.809328
7493.765,9.600177
7495.489,9.399955
7497.2173,11.200607
7498.942,9.789968
7500.6675,9.711897
7502.397,10.652398
7504.123,9.510615
7505.853,9.713386
7507.58,9.452386
7509.311,10.053227
7511.0386,9.678275
7512.7666,9.495345
7514.499,10.17429
7516.2275,10.066521
7517.961,9.67289
7519.6904,9.990644
7521.4243,9.683269
7523.155,9.56597
7524.8853,10.434074
7526.6206,11.185078
7528.352,10.865458
7530.0884,9.611721
7531.8203,8.770615
7533.557,9.81649
7535.2905,9.160766
7537.024,8.90408
7538.7617,8.88009
7540.496,9.702264
7542.235,10.132448
7543.97,10.839192
7545.7095,10.038223
7547.446,10.261362
7549.1816,9.766287
7550.923,9.021817
7552.6597,8.7991295
7554.4014,10.074708
7556.139,8.87956
7557.882,9.761343
7559.6206,9.296072
7561.3594,9.733932
7563.103,10.291444
7564.843,10.047723
7566.5874,9.952226
7568.328,9.847379
7570.073,9.300216
7571.815,7.921044
7573.561,10.3451605
7575.303,9.794149
7577.046,10.637701
7578.793,9.103441
7580.5366,9.863136
7582.2847,9.101273
7584.029,10.185763
7585.778,10.759525
7587.523,8.940417
7589.2686,9.760004
7591.0186,9.5612755
7592.7646,10.075888
7594.5156,9.213832
7596.2627,9.561104
7598.0146,10.007994
7599.762,10.237971
7601.5107,9.5114155
7603.2637,9.613569
7605.0127,10.627756
7606.7666,11.69024
7608.516,9.93799
7610.271,8.944649
7612.0215,8.729044
7613.7725,8.58887
7615.5283,10.784324
7617.2803,9.574573
7619.037,11.1466055
7620.7896,9.709031
7622.547,10.190806
7624.3003,11.495576
7626.0547,10.746908
7627.813,9.927232
7629.568,10.450597
7631.327,10.3905325
7633.0825,11.508221
7634.843,9.897998
7636.599,9.25512
7638.356,8.745796
7640.1177,9.834218
7641.875,9.589656
7643.637,9.2563505
7645.3955,9.561375
7647.1587,8.51346
7648.918,9.338064
7650.6777,9.596427
7652.442,9.602184
7654.202,12.032419
7655.9673,9.564527
7657.7285,8.9170885
7659.494,9.649466
7661.2563,8.619892
7663.019,9.213984
7664.786,10.52526
7666.5493,9.610148
7668.317,9.658288
7670.081,9.085873
7671.85,8.253934
7673.6147,9.528291
7675.38,10.896713
7677.15,9.836969
7678.916,10.053544
7680.687,9.281878
7682.4536,9.290935
7684.2256,9.795882
7685.993,8.192842
7687.761,10.381975
7689.534,9.318372
7691.303,9.327739
7693.0767,9.526523
7694.846,10.242153
7696.6206,8.888363
7698.3916,9.92903
7700.1626,9.956585
7701.938,10.278555
7703.71,9.445979
7705.4863,9.459415
7707.259,9.568018
7709.036,9.229288
7710.8096,8.250921
7712.588,8.913309
7714.3623,10.387485
7716.1367,10.858105
7717.916,10.83628
7719.6914,8.652984
7721.4717,9.776971
7723.248,10.715359
7725.029,9.319707
7726.806,9.543418
7728.5835,10.356708
7730.3657,9.938168
7732.144,9.732608
7733.9272,9.295188
7735.7065,10.492115
7737.49,9.849434
7739.27,9.396406
7741.051,9.135995
7742.836,9.504816
7744.617,9.3996935
7746.403,9.398254
7748.185,10.515663
7749.9717,9.522782
7751.7544,10.239808
7753.5376,11.78085
7755.3257,11.425381
7757.11,8.767861
7758.8984,8.397323
7760.6836,9.953599
7762.473,10.1955385
7764.259,9.479187
7766.045,10.614694
7767.836,10.195487
7769.623,9.584981
7771.4146,9.320965
7773.202,9.898385
7774.9946,10.277362
7776.783,9.165729
7778.5723,9.454403
7780.366,8.707648
7782.1562,9.650856
7783.9507,10.347164
7785.741,9.507336
7787.5366,9.303047
7789.328,9.7867775
7791.12,9.244211
7792.9165,9.609076
7794.7095,9.121073
7796.507,9.835101
7798.3003,9.753854
7800.0986,9.539365
7801.893,8.668466
7803.688,9.123151
7805.4873,9.581668
7807.283,9.379454
7809.0835,9.01376
7810.88,8.822545
7812.681,10.200183
7814.4785,9.966004
7816.276,9.362175
7818.0786,9.852608
7819.877,10.082813
7821.68,9.000489
7823.4795,9.827032
7825.2837,11.883723
7827.084,9.88649
7828.885,8.508326
7830.69,9.255098
7832.491,8.740865
7834.2974,8.813979
7836.0996,9.901725
7837.9067,8.811874
7839.71,8.852417
7841.513,9.978361
7843.322,10.648837
7845.126,9.5157
7846.935,9.276766
7848.74,10.041305
7850.55,10.025635
7852.356,8.491664
7854.1665,10.495104
7855.9736,7.2939157
7857.781,9.633409
7859.593,11.079617
7861.401,9.578747
7863.214,11.304716
7865.0225,8.792469
7866.8364,9.219844
7868.646,9.439253
7870.456,8.2445545
7872.271,8.626113
7874.082,9.030473
7875.898,10.409125
7877.7095,10.183695
7879.5264,9.037093
7881.339,10.413241
7883.152,9.758956
7884.9697,9.720019
7886.7837,9.628658
7888.6025,8.487485
7890.4175,8.615182
7892.237,8.419352
7894.0522,9.025426
7895.868,8.971087
7897.689,10.273958
7899.506,8.525954
7901.3276,9.185882
7903.1455,8.568337
7904.968,9.329093
7906.786,8.590321
7908.6055,9.065586
7910.4287,9.962597
7912.2485,8.719453
7914.073,13.411412
7915.894,16.885273
7917.719,10.1584425
7919.5405,8.964433
7921.363,8.695637
7923.1895,8.910223
7925.012,9.309217
7926.8394,9.06054
7928.663,8.642226
7930.491,8.181157
7932.316,11.462668
7934.1406,9.930433
7935.97,10.300359
7937.796,9.443351
7939.6265,8.475877
7941.4526,9.047727
7943.284,9.265208
7945.1113,8.813588
7946.939,9.317403
7948.7715,8.5428095
7950.6,10.231637
7952.4336,9.144687
7954.263,8.915847
7956.097,9.72905
7957.9277,9.107493
7959.7583,8.355285
7961.5938,9.097349
7963.4253,8.787422
7965.2617,9.13816
7967.094,10.968613
7968.931,9.496276
7970.7646,9.622072
7972.598,8.322854
7974.4365,9.0865755
7976.2715,9.205907
7978.1104,10.095969
7979.946,9.100489
7981.786,9.760256
7983.622,9.445818
7985.459,9.368978
7987.3003,9.002114
7989.1377,8.726061
7990.98,9.726445
7992.8184,7.8619304
7994.6616,9.319359
7996.5005,10.305232
7998.3447,8.627903
8000.1846,9.494875
8002.025,9.962013
8003.87,10.28529
8005.7114,8.259108
8007.5576,8.689885
8009.4,8.5570965
8011.2466,9.07092
8013.09,10.049283
8014.933,9.525498
8016.7812,10.055974
8018.6255,8.479607
8020.4746,9.217255
8022.32,9.708986
8024.17,10.171121
8026.0156,9.462494
8027.8623,9.350111
8029.7134,10.494075
8031.5605,8.49772
8033.4126,9.320158
8035.2607,7.790594
8037.114,9.458781
8038.9624,8.7445965
8040.812,8.035644
8042.666,8.708259
8044.516,8.585771
8046.371,8.994078
8048.222,9.082468
8050.078,8.888683
8051.93,8.369572
8053.7827,8.240981
8055.6396,10.091277
8057.4927,7.491148
8059.351,9.108999
8061.205,8.894734
8063.064,11.131367
8064.919,8.754018
8066.774,9.882612
8068.6343,8.109193
8070.49,9.271277
8072.3516,9.174626
8074.2085,9.467508
8076.0703,9.346114
8077.928,9.278634
8079.7866,9.696458
8081.65,9.562283
8083.509,9.2722025
8085.373,9.175438
8087.233,8.876549
8089.098,8.08738
8090.959,8.667981
8092.8203,9.786294
8094.6865,9.724625
8096.5483,9.429977
8098.4155,8.550915
8100.279,9.282907
8102.1465,8.72755
8104.0103,9.563443
8105.8745,8.630859
8107.7437,8.733656
8109.609,9.215356
8111.479,10.5713625
8113.345,8.037522
8115.216,9.619843
8117.083,8.734369
8118.95,9.3145485
8120.8223,9.623149
8122.691,8.701222
8124.564,10.019694
8126.4326,9.153909
8128.3066,9.132347
8130.177,9.325076
8132.0513,9.135912
8133.9224,9.983417
8135.7935,9.496093
8137.6694,9.97061
8139.5415,9.058613
8141.4185,9.441846
8143.2915,8.674948
8145.1694,8.944748
8147.043,7.9529443
8148.9175,8.4805355
8150.7964,9.145993
8152.6714,8.311589
8154.5513,9.215137
8156.4272,8.083421
8158.308,8.294345
8160.185,9.485714
8162.0625,9.096512
8163.9443,9.421616
8165.8228,8.660037
8167.7056,8.281022
8169.5845,8.974725
8171.4683,10.087065
8173.348,9.563436
8175.2285,9.292068
8177.114,9.604335
8178.9946,8.595014
8180.881,9.26408
8182.7627,8.682104
8184.65,9.191071
8186.5327,9.817772
8188.416,8.537009
8190.304,9.485506
8192.188,8.977708
8194.077,9.208993
8195.963,9.591155
8197.853,9.169763
8199.738,9.157933
8201.625,8.808768
8203.516,8.987304
8205.403,8.852049
8207.296,8.917887
8209.184,9.077364
8211.076,8.152033
8212.966,9.4283
8214.8545,8.553689
8216.749,8.330679
8218.64,9.261303
8220.535,8.521119
8222.426,9.192634
8224.322,8.917114
8226.214,8.897818
8228.106,9.056701
8230.004,9.361432
8231.897,8.990029
8233.795,8.700995
8235.689,8.875817
8237.589,9.143898
8239.483,9.1734915
8241.379,9.210692
8243.279,8.892218
8245.176,9.19055
8247.077,9.593053
8248.975,8.674741
8250.877,9.550094
8252.774,9.111945
8254.673,9.8703785
8256.577,8.648914
8258.477,8.591194
8260.381,8.196182
8262.281,8.708774
8264.187,9.260518
8266.087,7.9030395
8267.989,9.120882
8269.8955,9.380581
8271.798,9.208519
8273.705,9.158797
8275.608,10.038357
8277.518,9.664286
8279.421,9.9632015
8281.33,8.256638
8283.235,8.535569
8285.142,9.739173
8287.052,7.842734
8288.958,9.024643
8290.869,10.063159
8292.777,7.326641
8294.689,9.207816
8296.598,8.7479925
8298.506,8.158441
8300.42,9.901529
8302.329,7.782677
8304.243,10.7432165
8306.154,9.559939
8308.069,8.296249
8309.98,9.273066
8311.893,8.193433
8313.809,9.793965
8315.722,8.11381
8317.64,8.789368
8319.553,8.279847
8321.471,8.99569
8323.386,7.820388
8325.3,8.965079
8327.22,8.545111
8329.136,8.823829
8331.057,9.141286
8332.973,9.517199
8334.895,10.467099
8336.812,9.082171
8338.7295,8.433564
8340.652,9.769278
8342.571,10.62764
8344.495,9.606799
8346.415,10.508089
8348.34,3.8272533
8350.26,13.19808
8352.181,8.784074
8354.107,8.387145
8356.029,10.046928
8357.956,8.047128
8359.879,7.7441154
8361.807,10.090749
8363.7295,9.326197
8365.654,9.519439
8367.583,8.105023
8369.508,8.035821
8371.438,9.372241
8373.364,8.972986
8375.295,8.576432
8377.222,7.893069
8379.148,8.812919
8381.081,8.058827
8383.009,9.110438
8384.942,9.194356
8386.871,10.503473
8388.805,8.354774
8390.734,7.819869
8392.665,8.910694
8394.601,8.91376
8396.531,10.8761
8398.468,7.7777724
8400.399,11.205258
8402.337,8.891576
8404.27,9.131535
8406.203,8.435299
8408.142,8.776478
8410.076,9.036601
8412.016,7.249966
8413.95,8.690451
8415.891,10.000573
8417.827,9.495507
8419.764,9.681966
8421.705,8.426351
8423.643,8.35221
8425.585,9.2703705
8427.523,9.360303
8429.467,9.561812
8431.405,6.61928
8433.35,9.031876
8435.29,9.675313
8437.23,9.74602
8439.176,9.029647
8441.117,9.145138
8443.064,8.355211
8445.006,8.700939
8446.954,10.056847
8448.896,9.224726
8450.841,8.746065
8452.789,9.054005
8454.734,9.111903
8456.684,7.9540043
8458.629,8.794307
8460.579,8.827081
8462.525,9.616209
8464.473,8.895016
8466.425,8.66195
8468.372,11.064183
8470.325,7.59961
8472.273,9.073759
8474.228,8.421335
8476.177,8.393156
8478.127,8.351153
8480.082,8.361489
8482.032,9.3889885
8483.988,9.325385
8485.94,9.596509
8487.897,8.537134
8489.85,8.149286
8491.803,10.182205
8493.761,7.6477776
8495.715,8.581272
8497.674,9.282679
8499.629,10.719427
8501.589,8.91708
8503.545,10.106166
8505.501,10.702156
8507.462,9.569371
8509.42,8.330962
8511.382,9.686829
8513.34,9.379788
8515.303,9.041088
8517.262,8.645084
8519.222,8.380763
8521.186,8.822954
8523.146,8.847037
8525.111,8.47894
8527.072,8.772779
8529.039,8.472091
8531.001,9.728493
8532.964,7.662916
8534.932,8.816764
8536.895,8.98563
8538.863,9.0918
8540.828,8.854338
8542.797,8.176598
8544.763,8.8630495
8546.729,8.561413
8548.699,9.049468
8550.666,8.105981
8552.638,9.200307
8554.6045,8.251681
8556.577,9.927964
8558.546,7.8541455
8560.515,9.467749
8562.488,8.648906
8564.458,8.9164505
8566.434,8.220613
8568.404,8.641255
8570.38,6.415258
8572.352,9.434314
8574.323,8.426253
8576.301,9.351912
8578.273,8.282028
8580.252,8.081733
8582.226,8.211892
8584.205,8.009685
8586.18,9.616466
8588.159,6.99599
8590.135,8.094499
8592.111,8.876551
8594.093,7.7992096
8596.069,8.32872
8598.052,9.576004
8600.03,8.567729
8602.013,7.9751167
8603.992,7.4676394
8605.972,9.014095
8607.956,8.121515
8609.936,8.203258
8611.922,8.129089
8613.902,7.3464313
8615.889,9.3787
8617.871,9.702915
8619.854,8.329618
8621.841,9.740846
8623.825,8.898568
8625.813,9.522609
8627.798,8.544134
8629.787,9.016209
8631.772,8.771531
8633.758,7.4554315
8635.749,7.9582834
8637.735,7.472827
8639.728,7.9844437
8641.715,8.35573
8643.708,7.7167034
8645.696,8.309026
8647.686,9.054598
8649.68,8.889394
8651.669,10.984765
8653.664,9.639057
8655.655,8.625074
8657.651,9.690156
8659.643,7.4294977
8661.635,8.548763
8663.633,8.252918
8665.625,8.14948
8667.624,8.071814
8669.617,8.025727
8671.617,6.661565
8673.611,9.958023
8675.607,7.8622255
8677.607,8.945159
8679.604,8.258843
8681.605,8.474831
8683.603,7.1202245
8685.605,9.274141
8687.604,7.4376636
8689.602,9.6432705
8691.605,9.256826
8693.605,10.432444
8695.609,8.194614
8697.61,6.9598994
8699.616,9.405992
8701.617,9.465983
8703.619,9.014897
8705.626,7.7732778
8707.629,8.301668
8709.637,8.762375
8711.641,8.387646
8713.649,10.34173
8715.653,8.311606
8717.659,7.7538614
8719.669,9.113262
8721.675,8.067069
8723.687,7.9948134
8725.693,8.645241
8727.705,9.130116
8729.713,9.129952
8731.722,7.8994126
8733.734,8.243503
8735.744,8.320982
8737.759,8.124461
8739.769,8.4115
8741.784,9.006359
8743.795,8.022081
8745.812,8.16645
8747.823,8.363786
8749.836,9.35363
8751.854,9.514754
8753.866,9.115908
8755.885,9.267902
8757.899,7.4033456
8759.919,11.151235
8761.935,10.147798
8763.95,8.168445
8765.971,8.723318
8767.987,7.8787394
8770.01,7.332513
8772.027,8.243855
8774.05,7.2788777
8776.068,10.498253
8778.087,8.344568
8780.111,9.137971
8782.131,6.147279
8784.156,7.4828024
8786.177,6.091095
8788.203,10.319697
8790.225,8.892783
8792.247,11.11625
8794.274,10.165015
8796.298,7.1300263
8798.326,8.935451
8800.35,8.069689
8802.38,9.344849
8804.404,8.869693
8806.43,8.760967
8808.461,8.8772
8810.487,9.22634
8812.519,9.412952
8814.546,7.9852457
8816.578,7.754618
8818.606,8.639536
8820.636,6.793247
8822.67,6.71034
8824.699,8.201539
8826.734,4.760325
8828.765,4.967904
8830.801,7.5079017
8832.832,7.32275
8834.864,11.227672
8836.901,5.6180763
8838.935,7.363261
8840.973,6.1276517
8843.007,7.594373
8845.046,6.8210597
8847.08,6.709233
8849.115,8.147438
8851.156,9.826646
8853.192,9.600897
8855.234,8.81759
8857.271,7.7701244
8859.313,7.837027
8861.352,9.125743
8863.391,8.516568
8865.434,8.119445
8867.474,9.823698
8869.519,8.9337
8871.559,10.536684
8873.6045,7.1831365
8875.6455,9.531999
8877.6875,8.238923
8879.735,8.874342
8881.777,9.1898155
8883.826,10.534524
8885.869,10.604322
8887.919,0.1498797
8889.963,13.462409
8892.009,7.8882213
8894.059,9.786982
8896.1045,7.6095243
8898.156,8.410626
8900.203,9.461178
8902.256,5.7671785
8904.304,6.9320784
8906.357,6.076681
8908.406,9.330897
8910.455,8.524496
8912.51,6.377155
8914.561,8.395411
8916.616,9.047533
8918.667,10.458319
8920.724,9.733652
8922.776,5.325736
8924.829,8.080193
8926.887,9.164644
8928.94,7.567763
8930.999,8.456134
8933.054,9.415293
8935.114,7.5914235
8937.17,8.009409
8939.226,8.431725
8941.287,11.317026
8943.344,7.0769663
8945.406,8.886925
8947.465,7.737436
8949.527,8.234123
8951.587,7.2890577
8953.6455,5.975727
8955.711,10.476822
8957.7705,5.5985427
8959.836,7.2297726
8961.897,7.324914
8963.964,10.307289
8966.026,9.518987
8968.089,6.847912
8970.157,8.880602
8972.221,8.057366
8974.289,7.5313306
8976.3545,6.5206633
8978.424,9.5133915
8980.489,7.4946647
8982.556,7.7012177
8984.627,9.36843
8986.693,11.940684
8988.766,8.255154
8990.834,8.458707
8992.907,10.415175
8994.976,6.967055
8997.045,9.635878
8999.12,9.465351
9001.19,7.0242734
9003.266,5.1816664
9005.337,8.896693
9007.413,7.937881
9009.485,7.822522
9011.559,8.109011
9013.637,8.077822
9015.71,7.826649
9017.789,9.157283
9019.863,8.44838
9021.943,9.044893
9024.019,8.634367
9026.095,6.608899
9028.176,8.59421
9030.253,8.7826395
9032.336,8.80875
9034.413,7.0828547
9036.497,9.369252
9038.575,7.2116075
9040.655,8.082305
9042.739,10.161393
9044.82,8.8254595
9046.905,7.362711
9048.987,8.19589
9051.073,10.864769
9053.155,10.38485
9055.238,9.434712
9057.326,7.9004564
9059.41,8.56755
9061.499,8.436481
9063.584,8.001556
9065.674,8.032141
9067.76,8.51954
9069.851,9.682737
9071.937,7.6119804
9074.023,9.38012
9076.116,9.647208
9078.204,9.644422
9080.298,8.8272295
9082.387,9.137046
9084.481,8.96661
9086.571,9.235777
9088.661,7.648764
9090.757,9.156198
9092.849,9.028212
9094.945,10.661893
9097.037,9.630481
9099.135,7.0973716
9101.229,9.475107
9103.322,7.0315275
9105.421,9.6941805
9107.516,8.633323
9109.616,7.812635
9111.712,9.2270565
9113.8125,8.187999
9115.909,8.690364
9118.007,9.063058
9120.109,8.826367
9122.207,8.364918
9124.311,8.87076
9126.41,8.834735
9128.515,7.469157
9130.614,7.8054194
9132.715,8.121807
9134.821,9.309354
9136.923,8.494768
9139.029,8.110609
9141.132,7.7604833
9143.239,9.570549
9145.343,8.094228
9147.447,7.5555687
9149.557,8.618596
9151.661,8.792993
9153.771,9.179763
9155.877,8.084271
9157.988,8.086654
9160.096,8.753897
9162.203,6.5781407
9164.315,10.335176
9166.424,7.479072
9168.537,8.319391
9170.646,8.667466
9172.762,9.170773
9174.872,8.6946535
9176.982,8.302395
9179.099,8.891479
9181.21,9.1471
9183.327,9.457506
9185.439,8.049336
